T[Â°C]	330nm [counts / mm]	S.D.	First derivative	S.D. of first derivative
19.99944	7917.896		-114.0941	
20.05342	7911.582		-113.9421	
20.10741	7905.257		-113.7917	
20.1614	7898.922		-113.6429	
20.21539	7892.579		-113.4957	
20.26938	7886.228		-113.3502	
20.32337	7879.872		-113.2064	
20.37736	7873.514		-113.0643	
20.43135	7867.154		-112.9241	
20.48534	7860.795		-112.7857	
20.53933	7854.438		-112.6491	
20.59332	7848.084		-112.5145	
20.6473	7841.737		-112.3818	
20.70129	7835.396		-112.2509	
20.75528	7829.06		-112.122	
20.80927	7822.729		-111.9951	
20.86326	7816.396		-111.87	
20.91725	7810.039		-111.7468	
20.97124	7803.611		-111.6255	
21.02523	7797.297		-111.5059	
21.07922	7791.015		-111.3882	
21.13321	7784.77		-111.2721	
21.1872	7778.568		-111.1576	
21.24119	7772.412		-111.0447	
21.29518	7766.314		-110.9331	
21.34916	7760.285		-110.8228	
21.40315	7754.322		-110.7137	
21.45714	7748.422		-110.6056	
21.51113	7742.587		-110.4982	
21.56512	7736.82		-110.3915	
21.61911	7731.131		-110.2852	
21.6731	7725.535		-110.1792	
21.72709	7720.039		-110.0731	
21.78108	7714.64		-109.9667	
21.83507	7709.318		-109.8597	
21.88906	7704.054		-109.752	
21.94304	7698.82		-109.6431	
21.99703	7693.59		-109.5329	
22.05102	7688.341		-109.4209	
22.10501	7683.056		-109.307	
22.159	7677.716		-109.1909	
22.21299	7672.311		-109.0724	
22.26698	7666.835		-108.9513	
22.32097	7661.295		-108.8278	
22.37496	7655.688		-108.7022	
22.42895	7650.009		-108.5756	
22.48294	7644.262		-108.4495	
22.53693	7638.451		-108.3266	
22.59092	7632.575		-108.2103	
22.64491	7626.633		-108.1485	
22.69889	7620.629		-108.0932	
22.75288	7614.566		-108.0447	
22.80687	7608.447		-108.0032	
22.86086	7602.286		-107.9687	
22.91485	7596.09		-107.9413	
22.96884	7589.877		-107.9207	
23.02283	7583.654		-107.9067	
23.07682	7577.426		-107.8989	
23.13081	7571.191		-107.8965	
23.1848	7564.943		-107.899	
23.23878	7558.688		-107.9053	
23.29277	7552.453		-107.9142	
23.34676	7546.271		-107.9247	
23.40075	7540.16		-107.9351	
23.45474	7534.123		-107.9441	
23.50873	7528.155		-107.9501	
23.56272	7522.244		-107.9515	
23.61671	7516.389		-107.9468	
23.6707	7510.594		-107.9344	
23.72469	7504.863		-107.9132	
23.77868	7499.199		-107.882	
23.83267	7493.608		-107.8398	
23.88666	7488.084		-107.7861	
23.94065	7482.606		-107.7205	
23.99463	7477.147		-107.6429	
24.04862	7471.674		-107.5536	
24.10261	7466.165		-107.453	
24.1566	7460.592		-107.3419	
24.21059	7454.936		-107.2212	
24.26458	7449.195		-107.0922	
24.31857	7443.377		-106.9561	
24.37256	7437.489		-106.8144	
24.42655	7431.541		-106.6685	
24.48054	7425.548		-106.5201	
24.53452	7419.529		-106.3706	
24.58851	7413.494		-106.2218	
24.6425	7407.444		-106.0751	
24.69649	7401.39		-105.9322	
24.75048	7395.349		-105.7943	
24.80447	7389.332		-105.663	
24.85846	7383.349		-105.5394	
24.91245	7377.409		-105.4244	
24.96644	7371.514		-105.3188	
25.02043	7365.655		-105.223	
25.07442	7359.832		-105.1374	
25.12841	7354.044		-105.0621	
25.1824	7348.289		-104.9969	
25.23639	7342.565		-104.9417	
25.29037	7336.873		-104.8962	
25.34436	7331.222		-104.86	
25.39835	7325.627		-104.8324	
25.45234	7320.101		-104.8125	
25.50633	7314.653		-104.7994	
25.56032	7309.284		-104.792	
25.61431	7303.987		-104.789	
25.6683	7298.749		-104.7892	
25.72229	7293.55		-104.7911	
25.77628	7288.375		-104.7936	
25.83027	7283.218		-104.7952	
25.88425	7278.076		-104.7949	
25.93824	7272.945		-104.7917	
25.99223	7267.814		-104.7846	
26.04622	7262.67		-104.7728	
26.10021	7257.496		-104.7558	
26.1542	7252.278		-104.7333	
26.20819	7247.002		-104.7049	
26.26218	7241.656		-104.6707	
26.31617	7236.232		-104.6306	
26.37016	7230.727		-104.5848	
26.42415	7225.141		-104.5333	
26.47814	7219.483		-104.4763	
26.53213	7213.763		-104.4139	
26.58611	7207.988		-104.3464	
26.6401	7202.167		-104.2739	
26.69409	7196.312		-104.1966	
26.74808	7190.432		-104.115	
26.80207	7184.537		-104.0292	
26.85606	7178.64		-103.9398	
26.91005	7172.744		-103.847	
26.96404	7166.845		-103.751	
27.01803	7160.931		-103.6521	
27.07202	7154.987		-103.5504	
27.12601	7149.01		-103.4461	
27.17999	7142.997		-103.3393	
27.23398	7136.945		-103.2302	
27.28797	7130.853		-103.1192	
27.34196	7124.725		-103.0063	
27.39595	7118.574		-102.892	
27.44994	7112.438		-102.7763	
27.50393	7106.358		-102.6594	
27.55792	7100.376		-102.5416	
27.61191	7094.519		-102.4228	
27.6659	7088.795		-102.3031	
27.71989	7083.181		-102.1824	
27.77388	7077.635		-102.0608	
27.82787	7072.123		-101.9381	
27.88186	7066.62		-101.8142	
27.93584	7061.115		-101.6891	
27.98983	7055.601		-101.5627	
28.04382	7050.073		-101.435	
28.09781	7044.532		-101.3061	
28.1518	7038.99		-101.1763	
28.20579	7033.468		-101.0456	
28.25978	7027.988		-100.9144	
28.31377	7022.564		-100.7832	
28.36776	7017.21		-100.6522	
28.42175	7011.932		-100.5221	
28.47573	7006.723		-100.3932	
28.52972	7001.566		-100.266	
28.58371	6996.445		-100.1406	
28.6377	6991.348		-100.0174	
28.69169	6986.26		-99.89651	
28.74568	6981.176		-99.77795	
28.79967	6976.096		-99.66177	
28.85366	6971.025		-99.54795	
28.90765	6965.971		-99.43647	
28.96164	6960.949		-99.32737	
29.01563	6955.975		-99.22074	
29.06962	6951.065		-99.1168	
29.12361	6946.226		-99.01583	
29.1776	6941.447		-98.91827	
29.23158	6936.706		-98.82465	
29.28557	6931.974		-98.73556	
29.33956	6927.212		-98.65167	
29.39355	6922.38		-98.57368	
29.44754	6917.447		-98.50225	
29.50153	6912.404		-98.438	
29.55552	6907.255		-98.38149	
29.60951	6902.017		-98.33318	
29.6635	6896.717		-98.29344	
29.71749	6891.38		-98.26254	
29.77147	6886.017		-98.24061	
29.82546	6880.625		-98.22764	
29.87945	6875.198		-98.22351	
29.93344	6869.735		-98.228	
29.98743	6864.232		-98.24084	
30.04142	6858.674		-98.2616	
30.09541	6853.048		-98.28976	
30.1494	6847.354		-98.3246	
30.20339	6841.603		-98.36526	
30.25738	6835.805		-98.41074	
30.31137	6829.977		-98.45984	
30.36536	6824.14		-98.51136	
30.41935	6818.317		-98.56405	
30.47334	6812.531		-98.61665	
30.52732	6806.797		-98.66788	
30.58131	6801.136		-98.71645	
30.6353	6795.559		-98.76099	
30.68929	6790.071		-98.80013	
30.74328	6784.665		-98.83247	
30.79727	6779.327		-98.85659	
30.85126	6774.042		-98.87112	
30.90525	6768.785		-98.87473	
30.95924	6763.541		-98.86619	
31.01323	6758.292		-98.84446	
31.06721	6753.041		-98.80872	
31.1212	6747.797		-98.7584	
31.17519	6742.571		-98.69327	
31.22918	6737.375		-98.61337	
31.28317	6732.219		-98.51905	
31.33716	6727.106		-98.41096	
31.39115	6722.027		-98.29001	
31.44514	6716.966		-98.15737	
31.49913	6711.904		-98.01441	
31.55312	6706.814		-97.86264	
31.60711	6701.671		-97.70364	
31.6611	6696.452		-97.53898	
31.71509	6691.148		-97.37023	
31.76908	6685.765		-97.19891	
31.82306	6680.311		-97.0265	
31.87705	6674.806		-96.85444	
31.93104	6669.277		-96.68407	
31.98503	6663.744		-96.51678	
32.03902	6658.224		-96.35381	
32.09301	6652.732		-96.19631	
32.147	6647.275		-96.04532	
32.20099	6641.854		-95.90163	
32.25498	6636.466		-95.76588	
32.30897	6631.105		-95.6384	
32.36296	6625.767		-95.51936	
32.41695	6620.445		-95.40878	
32.47094	6615.136		-95.30655	
32.52492	6609.833		-95.21246	
32.57891	6604.531		-95.12624	
32.6329	6599.245		-95.04755	
32.68689	6593.996		-94.97603	
32.74088	6588.804		-94.91123	
32.79487	6583.699		-94.8526	
32.84886	6578.716		-94.79948	
32.90285	6573.877		-94.75117	
32.95684	6569.18		-94.70688	
33.01083	6564.6		-94.66583	
33.06482	6560.099		-94.62724	
33.1188	6555.639		-94.59037	
33.17279	6551.182		-94.55456	
33.22678	6546.702		-94.51922	
33.28077	6542.178		-94.48389	
33.33476	6537.599		-94.44823	
33.38875	6532.954		-94.41206	
33.44274	6528.238		-94.37537	
33.49673	6523.46		-94.33831	
33.55072	6518.631		-94.30118	
33.60471	6513.757		-94.26439	
33.6587	6508.838		-94.22842	
33.71268	6503.87		-94.19374	
33.76667	6498.848		-94.16085	
33.82066	6493.768		-94.13021	
33.87465	6488.626		-94.1022	
33.92864	6483.414		-94.07711	
33.98263	6478.123		-94.05513	
34.03662	6472.753		-94.03629	
34.09061	6467.313		-94.02047	
34.1446	6461.821		-94.00739	
34.19859	6456.304		-93.99667	
34.25257	6450.791		-93.98781	
34.30656	6445.305		-93.98022	
34.36055	6439.865		-93.97329	
34.41454	6434.487		-93.96632	
34.46853	6429.186		-93.95862	
34.52252	6423.957		-93.94943	
34.57651	6418.792		-93.938	
34.6305	6413.688		-93.92357	
34.68449	6408.628		-93.90545	
34.73848	6403.589		-93.88297	
34.79247	6398.561		-93.85554	
34.84646	6393.539		-93.82259	
34.90045	6388.525		-93.78365	
34.95444	6383.521		-93.73829	
35.00843	6378.523		-93.68616	
35.06242	6373.521		-93.627	
35.1164	6368.499		-93.56056	
35.17039	6363.438		-93.48671	
35.22438	6358.321		-93.40541	
35.27837	6353.144		-93.31675	
35.33236	6347.923		-93.22096	
35.38635	6342.682		-93.11844	
35.44034	6337.444		-93.00968	
35.49433	6332.222		-92.89535	
35.54832	6327.014		-92.77618	
35.60231	6321.814		-92.65306	
35.6563	6316.617		-92.52697	
35.71029	6311.419		-92.39898	
35.76427	6306.222		-92.27022	
35.81826	6301.034		-92.14182	
35.87225	6295.868		-92.01488	
35.92624	6290.743		-91.89048	
35.98023	6285.67		-91.76955	
36.03422	6280.64		-91.65286	
36.08821	6275.646		-91.54107	
36.1422	6270.684		-91.43465	
36.19619	6265.763		-91.33395	
36.25018	6260.899		-91.23921	
36.30416	6256.099		-91.15059	
36.35815	6251.359		-91.06821	
36.41214	6246.678		-90.9921	
36.46613	6242.051		-90.9222	
36.52012	6237.462		-90.8584	
36.57411	6232.901		-90.80045	
36.6281	6228.366		-90.74808	
36.68209	6223.841		-90.70094	
36.73608	6219.306		-90.65863	
36.79007	6214.742		-90.62072	
36.84406	6210.138		-90.58677	
36.89804	6205.486		-90.55634	
36.95203	6200.782		-90.52895	
37.00602	6196.044		-90.50411	
37.06001	6191.306		-90.4813	
37.114	6186.596		-90.45994	
37.16799	6181.93		-90.43942	
37.22198	6177.297		-90.41918	
37.27597	6172.671		-90.39864	
37.32996	6168.03		-90.37733	
37.38395	6163.353		-90.3548	
37.43794	6158.623		-90.3307	
37.49193	6153.84		-90.30471	
37.54592	6149.014		-90.27657	
37.59991	6144.157		-90.24608	
37.6539	6139.285		-90.2131	
37.70788	6134.411		-90.17758	
37.76187	6129.536		-90.13958	
37.81586	6124.651		-90.09925	
37.86985	6119.74		-90.05687	
37.92384	6114.792		-90.01274	
37.97783	6109.799		-89.96719	
38.03182	6104.754		-89.92049	
38.08581	6099.657		-89.87291	
38.1398	6094.512		-89.82462	
38.19379	6089.326		-89.77578	
38.24778	6084.112		-89.72652	
38.30177	6078.89		-89.67691	
38.35575	6073.679		-89.62701	
38.40974	6068.497		-89.57684	
38.46373	6063.346		-89.52637	
38.51772	6058.226		-89.47556	
38.57171	6053.14		-89.42438	
38.6257	6048.088		-89.3728	
38.67969	6043.072		-89.32086	
38.73368	6038.086		-89.26863	
38.78767	6033.12		-89.21616	
38.84166	6028.169		-89.16351	
38.89565	6023.217		-89.11073	
38.94963	6018.243		-89.05782	
39.00362	6013.238		-89.00483	
39.05761	6008.2		-88.9518	
39.1116	6003.137		-88.89873	
39.16559	5998.068		-88.84566	
39.21958	5993.031		-88.79261	
39.27357	5988.072		-88.73957	
39.32756	5983.229		-88.6865	
39.38155	5978.509		-88.63329	
39.43554	5973.9		-88.57977	
39.48952	5969.372		-88.52573	
39.54351	5964.89		-88.47092	
39.5975	5960.425		-88.41513	
39.65149	5955.961		-88.35815	
39.70548	5951.499		-88.29984	
39.75947	5947.049		-88.2401	
39.81346	5942.618		-88.17896	
39.86745	5938.208		-88.11654	
39.92144	5933.827		-88.05307	
39.97543	5929.473		-87.9889	
40.02942	5925.144		-87.92447	
40.08341	5920.833		-87.86034	
40.1374	5916.535		-87.79718	
40.19139	5912.237		-87.73569	
40.24538	5907.918		-87.67664	
40.29936	5903.565		-87.62073	
40.35335	5899.162		-87.56863	
40.40734	5894.686		-87.52089	
40.46133	5890.125		-87.47797	
40.51532	5885.485		-87.44024	
40.56931	5880.771		-87.40794	
40.6233	5875.993		-87.38129	
40.67729	5871.158		-87.36044	
40.73128	5866.28		-87.34544	
40.78527	5861.366		-87.33635	
40.83926	5856.429		-87.33312	
40.89325	5851.476		-87.33567	
40.94724	5846.512		-87.3438	
41.00122	5841.554		-87.35725	
41.05521	5836.61		-87.37572	
41.1092	5831.677		-87.3988	
41.16319	5826.74		-87.42606	
41.21718	5821.784		-87.45692	
41.27117	5816.812		-87.49068	
41.32516	5811.836		-87.52651	
41.37915	5806.878		-87.56348	
41.43314	5801.956		-87.60056	
41.48713	5797.08		-87.63661	
41.54111	5792.252		-87.67048	
41.5951	5787.465		-87.70097	
41.64909	5782.715		-87.72688	
41.70308	5777.988		-87.74709	
41.75707	5773.269		-87.76048	
41.81106	5768.536		-87.76603	
41.86505	5763.78		-87.76276	
41.91904	5759.006		-87.74985	
41.97303	5754.227		-87.72657	
42.02702	5749.451		-87.69247	
42.08101	5744.683		-87.64734	
42.13499	5739.932		-87.5912	
42.18898	5735.196		-87.52435	
42.24297	5730.478		-87.44731	
42.29696	5725.782		-87.36075	
42.35095	5721.104		-87.26545	
42.40494	5716.431		-87.16224	
42.45893	5711.762		-87.05198	
42.51292	5707.098		-86.93552	
42.56691	5702.435		-86.81373	
42.6209	5697.76		-86.68742	
42.67489	5693.063		-86.5574	
42.72888	5688.332		-86.4244	
42.78287	5683.567		-86.28916	
42.83686	5678.771		-86.15237	
42.89084	5673.947		-86.01475	
42.94483	5669.11		-85.87695	
42.99882	5664.281		-85.73965	
43.05281	5659.479		-85.60358	
43.1068	5654.715		-85.46947	
43.16079	5649.992		-85.33799	
43.21478	5645.305		-85.20979	
43.26877	5640.648		-85.08535	
43.32276	5636.011		-84.96511	
43.37675	5631.38		-84.84937	
43.43074	5626.747		-84.73836	
43.48473	5622.109		-84.63217	
43.53872	5617.476		-84.53084	
43.5927	5612.855		-84.43427	
43.64669	5608.264		-84.34235	
43.70068	5603.712		-84.25485	
43.75467	5599.208		-84.17155	
43.80866	5594.761		-84.09225	
43.86265	5590.375		-84.01676	
43.91664	5586.049		-83.94492	
43.97063	5581.768		-83.87661	
44.02462	5577.52		-83.81177	
44.07861	5573.298		-83.75036	
44.1326	5569.107		-83.69241	
44.18658	5564.939		-83.63796	
44.24057	5560.776		-83.58712	
44.29456	5556.6		-83.53999	
44.34855	5552.389		-83.4967	
44.40254	5548.137		-83.45744	
44.45653	5543.841		-83.42239	
44.51052	5539.494		-83.39173	
44.56451	5535.093		-83.3656	
44.6185	5530.649		-83.34403	
44.67249	5526.173		-83.32696	
44.72647	5521.679		-83.3142	
44.78046	5517.172		-83.30548	
44.83445	5512.649		-83.30037	
44.88844	5508.102		-83.29836	
44.94243	5503.536		-83.29881	
44.99642	5498.963		-83.30109	
45.05041	5494.391		-83.3045	
45.1044	5489.825		-83.30833	
45.15839	5485.271		-83.31188	
45.21238	5480.732		-83.31441	
45.26637	5476.209		-83.31522	
45.32036	5471.698		-83.31357	
45.37435	5467.192		-83.30885	
45.42833	5462.685		-83.30045	
45.48232	5458.175		-83.28786	
45.53631	5453.661		-83.27068	
45.5903	5449.139		-83.24851	
45.64429	5444.602		-83.22106	
45.69828	5440.04		-83.18806	
45.75227	5435.456		-83.14933	
45.80626	5430.874		-83.10476	
45.86025	5426.319		-83.05435	
45.91424	5421.805		-82.99823	
45.96823	5417.331		-82.93662	
46.02222	5412.885		-82.86988	
46.07621	5408.464		-82.79842	
46.1302	5404.053		-82.7227	
46.18419	5399.624		-82.64326	
46.23817	5395.149		-82.56059	
46.29216	5390.61		-82.47529	
46.34615	5385.994		-82.38795	
46.40014	5381.299		-82.29922	
46.45413	5376.526		-82.20977	
46.50812	5371.683		-82.12031	
46.56211	5366.787		-82.03151	
46.6161	5361.857		-81.94402	
46.67009	5356.92		-81.85841	
46.72408	5352.011		-81.77517	
46.77806	5347.163		-81.69465	
46.83205	5342.4		-81.61707	
46.88604	5337.737		-81.54257	
46.94003	5333.179		-81.47112	
46.99402	5328.714		-81.40259	
47.04801	5324.324		-81.33673	
47.102	5319.992		-81.27319	
47.15599	5315.706		-81.21155	
47.20998	5311.458		-81.15129	
47.26397	5307.237		-81.09187	
47.31796	5303.037		-81.03268	
47.37194	5298.867		-80.97314	
47.42593	5294.739		-80.91275	
47.47992	5290.668		-80.85106	
47.53391	5286.666		-80.78776	
47.5879	5282.736		-80.72263	
47.64189	5278.868		-80.6555	
47.69588	5275.043		-80.58634	
47.74987	5271.238		-80.51517	
47.80386	5267.433		-80.44209	
47.85785	5263.615		-80.36733	
47.91184	5259.763		-80.29124	
47.96583	5255.853		-80.21426	
48.01981	5251.872		-80.13694	
48.0738	5247.813		-80.05988	
48.12779	5243.673		-79.98373	
48.18178	5239.453		-79.90916	
48.23577	5235.172		-79.83694	
48.28976	5230.844		-79.76784	
48.34375	5226.483		-79.70271	
48.39774	5222.1		-79.6424	
48.45173	5217.696		-79.58776	
48.50572	5213.273		-79.53953	
48.55971	5208.825		-79.49834	
48.6137	5204.341		-79.46472	
48.66769	5199.823		-79.43901	
48.72168	5195.278		-79.42133	
48.77567	5190.715		-79.41158	
48.82965	5186.136		-79.40949	
48.88364	5181.548		-79.41456	
48.93763	5176.959		-79.42616	
48.99162	5172.372		-79.44344	
49.04561	5167.793		-79.46546	
49.0996	5163.229		-79.49113	
49.15359	5158.69		-79.51929	
49.20758	5154.189		-79.54871	
49.26157	5149.733		-79.57817	
49.31556	5145.326		-79.60641	
49.36954	5140.966		-79.63221	
49.42353	5136.648		-79.65433	
49.47752	5132.368		-79.6716	
49.53151	5128.12		-79.68293	
49.5855	5123.896		-79.68732	
49.63949	5119.684		-79.68389	
49.69348	5115.471		-79.6719	
49.74747	5111.25		-79.65074	
49.80146	5107.031		-79.61999	
49.85545	5102.829		-79.5794	
49.90944	5098.65		-79.52895	
49.96342	5094.502		-79.4688	
50.01741	5090.381		-79.39925	
50.0714	5086.278		-79.32072	
50.12539	5082.183		-79.23375	
50.17938	5078.087		-79.13894	
50.23337	5073.981		-79.03703	
50.28736	5069.851		-78.92887	
50.34135	5065.691		-78.81547	
50.39534	5061.492		-78.69792	
50.44933	5057.241		-78.57739	
50.50332	5052.922		-78.45504	
50.55731	5048.531		-78.33201	
50.61129	5044.069		-78.20937	
50.66528	5039.554		-78.08813	
50.71927	5035.009		-77.96917	
50.77326	5030.457		-77.85329	
50.82725	5025.917		-77.74116	
50.88124	5021.407		-77.63326	
50.93523	5016.939		-77.52995	
50.98922	5012.52		-77.43146	
51.04321	5008.152		-77.33784	
51.0972	5003.836		-77.24908	
51.15119	4999.569		-77.16502	
51.20518	4995.345		-77.08549	
51.25917	4991.158		-77.01025	
51.31316	4987.007		-76.93902	
51.36715	4982.894		-76.87149	
51.42113	4978.822		-76.80731	
51.47512	4974.792		-76.74608	
51.52911	4970.8		-76.68734	
51.5831	4966.851		-76.63065	
51.63709	4962.943		-76.57558	
51.69108	4959.069		-76.52177	
51.74507	4955.218		-76.4689	
51.79906	4951.379		-76.41674	
51.85305	4947.543		-76.36511	
51.90704	4943.7		-76.31393	
51.96103	4939.853		-76.26312	
52.01501	4935.997		-76.21269	
52.069	4932.125		-76.16261	
52.12299	4928.227		-76.11282	
52.17698	4924.291		-76.06332	
52.23097	4920.313		-76.01411	
52.28496	4916.301		-75.96523	
52.33895	4912.257		-75.91682	
52.39294	4908.179		-75.86903	
52.44693	4904.063		-75.82207	
52.50092	4899.908		-75.77608	
52.5549	4895.717		-75.73119	
52.60889	4891.498		-75.68753	
52.66288	4887.269		-75.64523	
52.71687	4883.05		-75.6044	
52.77086	4878.858		-75.56515	
52.82485	4874.705		-75.5275	
52.87884	4870.593		-75.49139	
52.93283	4866.514		-75.45667	
52.98682	4862.453		-75.42311	
53.04081	4858.397		-75.3904	
53.0948	4854.341		-75.35821	
53.14879	4850.283		-75.32616	
53.20277	4846.222		-75.29392	
53.25676	4842.15		-75.26114	
53.31075	4838.064		-75.22746	
53.36474	4833.974		-75.19252	
53.41873	4829.883		-75.15597	
53.47272	4825.79		-75.11743	
53.52671	4821.692		-75.07656	
53.5807	4817.588		-75.03304	
53.63469	4813.48		-74.98662	
53.68868	4809.367		-74.93713	
53.74267	4805.25		-74.88448	
53.79666	4801.131		-74.82866	
53.85065	4796.999		-74.76975	
53.90464	4792.85		-74.70786	
53.95863	4788.681		-74.64314	
54.01262	4784.496		-74.57569	
54.0666	4780.305		-74.50565	
54.12059	4776.116		-74.4331	
54.17458	4771.934		-74.35819	
54.22857	4767.768		-74.28107	
54.28256	4763.625		-74.20196	
54.33655	4759.509		-74.12109	
54.39054	4755.42		-74.03873	
54.44453	4751.353		-73.95518	
54.49852	4747.299		-73.87067	
54.55251	4743.255		-73.78548	
54.60649	4739.222		-73.69977	
54.66048	4735.207		-73.61375	
54.71447	4731.22		-73.52756	
54.76846	4727.267		-73.44133	
54.82245	4723.346		-73.35516	
54.87644	4719.451		-73.26907	
54.93043	4715.578		-73.18304	
54.98442	4711.722		-73.09701	
55.03841	4707.881		-73.01093	
55.0924	4704.055		-72.92474	
55.14639	4700.248		-72.83845	
55.20037	4696.454		-72.75211	
55.25436	4692.661		-72.66579	
55.30835	4688.857		-72.57958	
55.36234	4685.046		-72.49357	
55.41633	4681.236		-72.40781	
55.47032	4677.44		-72.32244	
55.52431	4673.662		-72.23757	
55.5783	4669.899		-72.15342	
55.63229	4666.15		-72.07024	
55.68628	4662.413		-71.98839	
55.74027	4658.677		-71.90827	
55.79425	4654.933		-71.83031	
55.84824	4651.17		-71.75502	
55.90223	4647.383		-71.68292	
55.95622	4643.568		-71.6146	
56.01021	4639.724		-71.55061	
56.0642	4635.856		-71.49142	
56.11819	4631.976		-71.43749	
56.17218	4628.09		-71.38918	
56.22617	4624.206		-71.34673	
56.28016	4620.326		-71.31032	
56.33415	4616.45		-71.28001	
56.38814	4612.574		-71.25573	
56.44213	4608.689		-71.2373	
56.49612	4604.784		-71.22446	
56.55011	4600.857		-71.21679	
56.6041	4596.917		-71.21377	
56.65808	4592.979		-71.21478	
56.71207	4589.054		-71.21909	
56.76606	4585.14		-71.22589	
56.82005	4581.231		-71.23432	
56.87404	4577.323		-71.24345	
56.92803	4573.413		-71.25232	
56.98202	4569.505		-71.25994	
57.03601	4565.61		-71.26538	
57.09	4561.742		-71.26775	
57.14399	4557.914		-71.26625	
57.19798	4554.134		-71.26016	
57.25196	4550.395		-71.24877	
57.30595	4546.686		-71.23142	
57.35994	4542.993		-71.20745	
57.41393	4539.306		-71.17625	
57.46792	4535.613		-71.13727	
57.52191	4531.906		-71.09008	
57.5759	4528.178		-71.03435	
57.62989	4524.428		-70.96988	
57.68388	4520.659		-70.89661	
57.73787	4516.868		-70.81464	
57.79185	4513.058		-70.7242	
57.84584	4509.236		-70.6257	
57.89983	4505.408		-70.51976	
57.95382	4501.574		-70.40713	
58.00781	4497.734		-70.28872	
58.0618	4493.888		-70.16551	
58.11579	4490.032		-70.03851	
58.16978	4486.16		-69.90874	
58.22377	4482.266		-69.77715	
58.27776	4478.345		-69.64462	
58.33175	4474.401		-69.51196	
58.38573	4470.428		-69.3799	
58.43972	4466.414		-69.24908	
58.49371	4462.341		-69.12007	
58.5477	4458.204		-68.99332	
58.60169	4454.018		-68.86919	
58.65568	4449.819		-68.74788	
58.70967	4445.646		-68.62947	
58.76366	4441.535		-68.51392	
58.81765	4437.51		-68.40102	
58.87164	4433.583		-68.29048	
58.92563	4429.76		-68.18188	
58.97962	4426.028		-68.07478	
59.03361	4422.373		-67.96864	
59.0876	4418.777		-67.86293	
59.14159	4415.229		-67.75716	
59.19558	4411.716		-67.65078	
59.24956	4408.228		-67.54324	
59.30355	4404.754		-67.43386	
59.35754	4401.288		-67.32202	
59.41153	4397.827		-67.20706	
59.46552	4394.382		-67.08841	
59.51951	4390.966		-66.96554	
59.5735	4387.596		-66.83803	
59.62749	4384.279		-66.70554	
59.68148	4381.01		-66.56787	
59.73547	4377.778		-66.42488	
59.78946	4374.575		-66.2766	
59.84344	4371.394		-66.12313	
59.89743	4368.22		-65.96476	
59.95142	4365.046		-65.80187	
60.00541	4361.858		-65.63498	
60.0594	4358.632		-65.46465	
60.11339	4355.358		-65.29152	
60.16738	4352.022		-65.1162	
60.22137	4348.615		-64.93933	
60.27536	4345.133		-64.76151	
60.32935	4341.581		-64.58333	
60.38334	4337.967		-64.40538	
60.43732	4334.306		-64.22823	
60.49131	4330.614		-64.05239	
60.5453	4326.901		-63.87828	
60.59929	4323.173		-63.70616	
60.65328	4319.44		-63.53613	
60.70727	4315.715		-63.36807	
60.76126	4312.013		-63.20172	
60.81525	4308.343		-63.03658	
60.86924	4304.712		-62.87198	
60.92323	4301.11		-62.70704	
60.97721	4297.522		-62.54073	
61.0312	4293.933		-62.37183	
61.08519	4290.337		-62.19904	
61.13918	4286.739		-62.02102	
61.19317	4283.143		-61.83634	
61.24716	4279.558		-61.64357	
61.30115	4275.994		-61.44122	
61.35514	4272.466		-61.22783	
61.40913	4268.99		-61.00197	
61.46312	4265.573		-60.7623	
61.51711	4262.221		-60.50754	
61.5711	4258.943		-60.23654	
61.62509	4255.735		-59.94823	
61.67908	4252.585		-59.64169	
61.73307	4249.478		-59.31608	
61.78706	4246.397		-58.9707	
61.84104	4243.335		-58.60493	
61.89503	4240.285		-58.21828	
61.94902	4237.237		-57.81038	
62.00301	4234.174		-57.38107	
62.057	4231.086		-56.93021	
62.11099	4227.969		-56.45791	
62.16498	4224.825		-55.96428	
62.21897	4221.664		-55.44961	
62.27296	4218.491		-54.91429	
62.32695	4215.313		-54.35886	
62.38094	4212.139		-53.78397	
62.43493	4208.973		-53.19033	
62.48891	4205.821		-52.57872	
62.5429	4202.682		-51.94989	
62.59689	4199.549		-51.30453	
62.65088	4196.426		-50.64328	
62.70487	4193.324		-49.96671	
62.75886	4190.253		-49.27515	
62.81285	4187.229		-48.56893	
62.86684	4184.257		-47.84814	
62.92083	4181.34		-47.11273	
62.97482	4178.475		-46.36245	
63.0288	4175.656		-45.59692	
63.08279	4172.882		-44.81553	
63.13678	4170.155		-44.01756	
63.19077	4167.485		-43.20211	
63.24476	4164.875		-42.36822	
63.29875	4162.329		-41.51484	
63.35274	4159.852		-40.64085	
63.40673	4157.45		-39.74508	
63.46072	4155.131		-38.8263	
63.51471	4152.908		-37.88328	
63.5687	4150.787		-36.91483	
63.62268	4148.773		-35.91964	
63.67667	4146.86		-34.89651	
63.73066	4145.035		-33.84431	
63.78465	4143.281		-32.76186	
63.83864	4141.59		-31.64804	
63.89263	4139.945		-30.50166	
63.94662	4138.334		-29.32165	
64.00061	4136.751		-28.10682	
64.0546	4135.197		-26.85614	
64.10859	4133.673		-25.56829	
64.16257	4132.185		-24.24256	
64.21657	4130.738		-22.87764	
64.27055	4129.341		-21.47292	
64.32455	4128.002		-20.02716	
64.37853	4126.732		-18.53986	
64.43253	4125.535		-17.00979	
64.48651	4124.41		-15.4365	
64.5405	4123.347		-13.81861	
64.59449	4122.335		-12.15559	
64.64848	4121.361		-10.44591	
64.70247	4120.419		-8.688894	
64.75646	4119.512		-6.882757	
64.81045	4118.646		-5.026596	
64.86443	4117.828		-3.118635	
64.91843	4117.069		-1.156973	
64.97241	4116.379		0.8596791	
65.02641	4115.764		2.933675	
65.08039	4115.233		5.066576	
65.13438	4114.804		7.261057	
65.18837	4114.488		9.51895	
65.24236	4114.296		11.84324	
65.29635	4114.23		14.23603	
65.35034	4114.296		16.7007	
65.40433	4114.497		19.23954	
65.45832	4114.833		21.85637	
65.51231	4115.294		24.55365	
65.5663	4115.874		27.33537	
65.62029	4116.572		30.20401	
65.67428	4117.403		33.16366	
65.72826	4118.39		36.21663	
65.78225	4119.551		39.36667	
65.83624	4120.897		42.61716	
65.89023	4122.431		45.97047	
65.94422	4124.154		49.43031	
65.99821	4126.06		52.99886	
66.0522	4128.14		56.67977	
66.10619	4130.382		60.47501	
66.16018	4132.784		64.38821	
66.21416	4135.349		68.42094	
66.26816	4138.078		72.5769	
66.32214	4140.973		76.8574	
66.37614	4144.047		81.2661	
66.43012	4147.313		85.80418	
66.48412	4150.798		90.47533	
66.5381	4154.523		95.28069	
66.59209	4158.505		100.2233	
66.64608	4162.75		105.3065	
66.70007	4167.249		110.5313	
66.75406	4171.994		115.9017	
66.80804	4176.981		121.4188	
66.86204	4182.211		127.0869	
66.91602	4187.687		132.9068	
66.97002	4193.417		138.8829	
67.024	4199.411		145.0163	
67.078	4205.683		151.3118	
67.13198	4212.251		157.7706	
67.18597	4219.139		164.3977	
67.23996	4226.368		171.1949	
67.29395	4233.966		178.1676	
67.34794	4241.961		185.318	
67.40193	4250.369		192.6521	
67.45592	4259.195		200.1724	
67.5099	4268.438		207.8846	
67.5639	4278.092		215.7947	
67.61788	4288.15		223.9054	
67.67188	4298.619		232.2242	
67.72586	4309.504		240.7536	
67.77985	4320.817		249.5011	
67.83384	4332.568		258.4689	
67.88783	4344.783		267.6639	
67.94182	4357.479		277.0874	
67.99581	4370.681		286.7455	
68.0498	4384.398		296.6379	
68.10379	4398.646		306.7695	
68.15778	4413.434		317.1382	
68.21177	4428.774		327.7472	
68.26575	4444.664		338.5921	
68.31974	4461.103		349.6734	
68.37373	4478.087		360.989	
68.42772	4495.61		372.5323	
68.48171	4513.679		384.3019	
68.5357	4532.301		396.2889	
68.58969	4551.5		408.4905	
68.64368	4571.299		420.8958	
68.69767	4591.722		433.5002	
68.75166	4612.783		446.2911	
68.80565	4634.502		459.2621	
68.85963	4656.88		472.3987	
68.91363	4679.937		485.6927	
68.96761	4703.686		499.1277	
69.02161	4728.157		512.694	
69.07559	4753.358		526.3733	
69.12959	4779.323		540.1544	
69.18357	4806.07		554.0174	
69.23756	4833.626		567.9477	
69.29155	4862.011		581.9299	
69.34554	4891.231		595.9423	
69.39953	4921.304		609.9703	
69.45351	4952.234		623.9909	
69.50751	4984.051		637.989	
69.56149	5016.787		651.9405	
69.61549	5050.491		665.8294	
69.66947	5085.201		679.6312	
69.72346	5120.969		693.3288	
69.77745	5157.83		706.897	
69.83144	5195.828		720.3179	
69.88543	5234.992		733.5655	
69.93942	5275.369		746.6211	
69.99341	5316.979		759.4582	
70.04739	5359.847		772.0547	
70.10139	5403.978		784.3891	
70.15537	5449.347		796.4333	
70.20937	5495.947		808.1658	
70.26335	5543.741		819.5582	
70.31734	5592.713		830.5881	
70.37133	5642.803		841.2267	
70.42532	5693.969		851.451	
70.47931	5746.123		861.2324	
70.5333	5799.198		870.548	
70.58729	5853.103		879.37	
70.64128	5907.775		887.6762	
70.69527	5963.125		895.4402	
70.74926	6019.091		902.641	
70.80325	6075.586		909.2543	
70.85723	6132.558		915.2603	
70.91122	6189.969		920.6398	
70.96521	6247.768		925.3732	
71.0192	6305.932		929.4453	
71.07319	6364.403		932.8397	
71.12718	6423.177		935.5443	
71.18117	6482.21		937.5469	
71.23516	6541.479		938.8386	
71.28915	6600.923		939.4117	
71.34314	6660.52		939.261	
71.39713	6720.212		938.3833	
71.45112	6779.969		936.7772	
71.5051	6839.73		934.4443	
71.5591	6899.463		931.3872	
71.61308	6959.096		927.6121	
71.66708	7018.598		923.1254	
71.72106	7077.909		917.9385	
71.77505	7137		912.0598	
71.82904	7195.833		905.5043	
71.88303	7254.346		898.2881	
71.93702	7312.493		890.4265	
71.991	7370.191		881.9404	
72.045	7427.383		872.8475	
72.09898	7483.955		863.1722	
72.15298	7539.792		852.9345	
72.20696	7594.741		842.1613	
72.26096	7648.68		830.8741	
72.31494	7701.462		819.1019	
72.36893	7752.982		806.8671	
72.42292	7803.126		794.1999	
72.47691	7851.832		781.1232	
72.5309	7899.046		767.6675	
72.58488	7944.768		753.8582	
72.63888	7989.02		739.72	
72.69286	8031.795		725.2841	
72.74686	8073.113		710.5734	
72.80084	8112.97		695.6192	
72.85484	8151.381		680.4442	
72.90882	8188.335		665.0797	
72.96281	8223.836		649.5483	
73.0168	8257.856		633.8814	
73.07079	8290.417		618.1014	
73.12478	8321.535		602.2396	
73.17877	8351.257		586.318	
73.23276	8379.605		570.3676	
73.28675	8406.615		554.41	
73.34074	8432.313		538.4755	
73.39473	8456.755		522.5848	
73.44872	8480.002		506.7673	
73.5027	8502.143		491.0447	
73.55669	8523.258		475.438	
73.61068	8543.407		459.9743	
73.66467	8562.654		444.6708	
73.71866	8581.035		429.5526	
73.77265	8598.583		414.6354	
73.82664	8615.314		399.9423	
73.88063	8631.237		385.4872	
73.93462	8646.361		371.291	
73.98861	8660.731		357.3655	
74.04259	8674.399		343.7292	
74.09659	8687.41		330.3914	
74.15057	8699.793		317.3678	
74.20457	8711.583		304.6653	
74.25855	8722.814		292.2965	
74.31254	8733.529		280.2669	
74.36653	8743.773		268.5808	
74.42052	8753.581		257.2457	
74.47451	8762.978		246.261	
74.5285	8771.989		235.6308	
74.58249	8780.632		225.3514	
74.63647	8788.919		215.4236	
74.69047	8796.847		205.8413	
74.74445	8804.42		196.6024	
74.79845	8811.653		187.6984	
74.85243	8818.56		179.1249	
74.90643	8825.146		170.8714	
74.96041	8831.414		162.9317	
75.0144	8837.363		155.2942	
75.06839	8843.002		147.9512	
75.12238	8848.353		140.8903	
75.17637	8853.461		134.103	
75.23035	8858.376		127.5779	
75.28435	8863.141		121.3035	
75.33833	8867.774		115.271	
75.39233	8872.292		109.4682	
75.44631	8876.701		103.8866	
75.50031	8880.995		98.51435	
75.55429	8885.154		93.34318	
75.60828	8889.168		88.36203	
75.66227	8893.022		83.56306	
75.71626	8896.704		78.93607	
75.77025	8900.199		74.47392	
75.82424	8903.493		70.16735	
75.87823	8906.569		66.00996	
75.93222	8909.425		61.99338	
75.98621	8912.064		58.11192	
76.04019	8914.508		54.3586	
76.09418	8916.782		50.72691	
76.14817	8918.915		47.21227	
76.20216	8920.935		43.80842	
76.25615	8922.854		40.51131	
76.31014	8924.678		37.31523	
76.36413	8926.401		34.21648	
76.41812	8928.004		31.20972	
76.47211	8929.46		28.29149	
76.5261	8930.749		25.4567	
76.58009	8931.844		22.70208	
76.63408	8932.724		20.02292	
76.68806	8933.372		17.41625	
76.74206	8933.798		14.87774	
76.79604	8934.009		12.4046	
76.85004	8934.013		9.992777	
76.90402	8933.829		7.639694	
76.95801	8933.485		5.341904	
77.012	8933.005		3.096115	
77.06599	8932.403		0.900112	
77.11998	8931.688		-1.249416	
77.17397	8930.864		-3.354387	
77.22796	8929.925		-5.417707	
77.28194	8928.864		-7.440904	
77.33594	8927.667		-9.426448	
77.38992	8926.327		-11.37544	
77.44392	8924.85		-13.28982	
77.4979	8923.245		-15.17019	
77.5519	8921.521		-17.01792	
77.60588	8919.685		-18.8331	
77.65987	8917.737		-20.61655	
77.71386	8915.692		-22.3679	
77.76785	8913.572		-24.08729	
77.82184	8911.414		-25.77464	
77.87582	8909.253		-27.429	
77.92982	8907.107		-29.05013	
77.9838	8904.987		-30.63673	
78.0378	8902.892		-32.1882	
78.09178	8900.807		-33.70287	
78.14577	8898.72		-35.17984	
78.19976	8896.626		-36.61736	
78.25375	8894.518		-38.01448	
78.30774	8892.393		-39.36958	
78.36173	8890.25		-40.68188	
78.41572	8888.09		-41.95	
78.46971	8885.914		-43.17341	
78.5237	8883.729		-44.35106	
78.57769	8881.541		-45.48274	
78.63168	8879.354		-46.56778	
78.68566	8877.175		-47.60622	
78.73965	8875.002		-48.5983	
78.79364	8872.813		-49.54408	
78.84763	8870.562		-50.44446	
78.90162	8868.21		-51.30001	
78.95561	8865.73		-52.11202	
79.0096	8863.096		-52.88149	
79.06359	8860.285		-53.61002	
79.11758	8857.299		-54.29884	
79.17157	8854.15		-54.94968	
79.22556	8850.864		-55.56393	
79.27955	8847.456		-56.14331	
79.33353	8843.938		-56.68921	
79.38753	8840.313		-57.20325	
79.44151	8836.602		-57.68668	
79.4955	8832.823		-58.14088	
79.54949	8828.99		-58.56709	
79.60348	8825.099		-58.9663	
79.65747	8821.142		-59.33962	
79.71146	8817.108		-59.68782	
79.76545	8812.993		-60.01176	
79.81944	8808.797		-60.31203	
79.87343	8804.522		-60.58926	
79.92741	8800.174		-60.8438	
79.98141	8795.77		-61.07599	
80.03539	8791.335		-61.28588	
80.08939	8786.907		-61.47351	
80.14337	8782.54		-61.63876	
80.19736	8778.284		-61.78157	
80.25135	8774.179		-61.90182	
80.30534	8770.246		-61.99953	
80.35933	8766.492		-62.07471	
80.41331	8762.895		-62.12746	
80.46731	8759.424		-62.15791	
80.52129	8756.048		-62.16621	
80.57529	8752.74		-62.15262	
80.62927	8749.487		-62.11751	
80.68327	8746.27		-62.06138	
80.73725	8743.068		-61.98494	
80.79124	8739.859		-61.88905	
80.84523	8736.628		-61.7748	
80.89922	8733.37		-61.64346	
80.95321	8730.104		-61.4966	
81.0072	8726.846		-61.33591	
81.06119	8723.621		-61.16342	
81.11518	8720.456		-60.98122	
81.16917	8717.369		-60.79168	
81.22315	8714.359		-60.59718	
81.27715	8711.417		-60.4002	
81.33113	8708.524		-60.20334	
81.38512	8705.651		-60.00904	
81.43911	8702.765		-59.81985	
81.4931	8699.831		-59.63812	
81.54709	8696.828		-59.46621	
81.60108	8693.742		-59.30627	
81.65507	8690.584		-59.16042	
81.70906	8687.377		-59.03059	
81.76305	8684.16		-58.91864	
81.81704	8680.973		-58.82631	
81.87103	8677.854		-58.75534	
81.92502	8674.834		-58.70732	
81.979	8671.927		-58.68385	
82.033	8669.13		-58.6864	
82.08698	8666.435		-58.71636	
82.14097	8663.816		-58.77498	
82.19496	8661.24		-58.86343	
82.24895	8658.684		-58.98274	
82.30294	8656.126		-59.13386	
82.35693	8653.533		-59.31753	
82.41092	8650.875		-59.53445	
82.4649	8648.132		-59.78504	
82.5189	8645.3		-60.06977	
82.57288	8642.399		-60.38887	
82.62688	8639.454		-60.74268	
82.68086	8636.482		-61.13129	
82.73486	8633.495		-61.55496	
82.78884	8630.501		-62.01366	
82.84283	8627.494		-62.50763	
82.89682	8624.458		-63.0368	
82.95081	8621.362		-63.60141	
83.0048	8618.181		-64.20174	
83.05878	8614.903		-64.8379	
83.11278	8611.525		-65.51046	
83.16676	8608.052		-66.21967	
83.22076	8604.497		-66.96612	
83.27474	8600.89		-67.75004	
83.32874	8597.26		-68.57204	
83.38272	8593.63		-69.43227	
83.43671	8590.014		-70.33131	
83.4907	8586.422		-71.26921	
83.54469	8582.851		-72.24642	
83.59868	8579.296		-73.26282	
83.65267	8575.739		-74.3187	
83.70666	8572.169		-75.41367	
83.76065	8568.566		-76.54781	
83.81464	8564.908		-77.72045	
83.86862	8561.167		-78.9313	
83.92262	8557.32		-80.17999	
83.9766	8553.366		-81.46555	
84.03059	8549.32		-82.78759	
84.08458	8545.22		-84.14493	
84.13857	8541.087		-85.53705	
84.19256	8536.945		-86.96255	
84.24655	8532.813		-88.42073	
84.30054	8528.683		-89.90993	
84.35453	8524.519		-91.42922	
84.40852	8520.263		-92.97666	
84.46251	8515.858		-94.55106	
84.51649	8511.262		-96.15026	
84.57049	8506.451		-97.77287	
84.62447	8501.432		-99.41652	
84.67846	8496.212		-101.0794	
84.73245	8490.807		-102.7597	
84.78644	8485.246		-104.4547	
84.84043	8479.563		-106.1627	
84.89442	8473.799		-107.8809	
84.94841	8467.984		-109.6075	
85.0024	8462.155		-111.3397	
85.05639	8456.328		-113.0758	
85.11037	8450.49		-114.8133	
85.16437	8444.617		-116.5504	
85.21835	8438.693		-118.2847	
85.27235	8432.693		-120.0145	
85.32633	8426.581		-121.7372	
85.38033	8420.321		-123.4512	
85.43431	8413.877		-125.1541	
85.4883	8407.225		-126.8443	
85.54229	8400.347		-128.5195	
85.59628	8393.237		-130.1783	
85.65027	8385.906		-131.8196	
85.70425	8378.388		-133.4415	
85.75825	8370.721		-135.0435	
85.81223	8362.954		-136.6243	
85.86623	8355.106		-138.1837	
85.92021	8347.194		-139.7204	
85.97421	8339.204		-141.2345	
86.02819	8331.123		-142.725	
86.08218	8322.916		-144.1919	
86.13617	8314.556		-145.6343	
86.19016	8306.004		-147.0522	
86.24415	8297.258		-148.4447	
86.29814	8288.324		-149.8116	
86.35213	8279.228		-151.1521	
86.40611	8269.988		-152.4658	
86.46011	8260.629		-153.7523	
86.51409	8251.172		-155.0108	
86.56808	8241.656		-156.2413	
86.62207	8232.122		-157.443	
86.67606	8222.604		-158.6157	
86.73005	8213.132		-159.7586	
86.78404	8203.725		-160.8714	
86.83803	8194.402		-161.9531	
86.89202	8185.163		-163.0032	
86.94601	8175.99		-164.0205	
87	8166.866		-165.0044	
87.05399	8157.759		-165.9535	
87.10798	8148.631		-166.8672	
87.16196	8139.461		-167.7443	
87.21596	8130.246		-168.5842	
87.26994	8120.984		-169.3859	
87.32393	8111.69		-170.1488	
87.37792	8102.377		-170.8724	
87.43191	8093.071		-171.5561	
87.4859	8083.785		-172.2	
87.53989	8074.538		-172.8036	
87.59388	8065.325		-173.3676	
87.64787	8056.138		-173.892	
87.70186	8046.957		-174.3779	
87.75584	8037.763		-174.826	
87.80984	8028.526		-175.2379	
87.86382	8019.237		-175.6147	
87.91782	8009.893		-175.9584	
87.9718	8000.5		-176.2706	
88.02579	7991.065		-176.5534	
88.07978	7981.599		-176.8087	
88.13377	7972.105		-177.0387	
88.18776	7962.568		-177.2454	
88.24174	7952.978		-177.4308	
88.29574	7943.313		-177.5969	
88.34972	7933.562		-177.7458	
88.40372	7923.711		-177.8792	
88.4577	7913.764		-177.9991	
88.5117	7903.715		-178.1071	
88.56568	7893.583		-178.2051	
88.61967	7883.381		-178.2947	
88.67366	7873.121		-178.3774	
88.72765	7862.807		-178.4546	
88.78164	7852.481		-178.5276	
88.83563	7842.179		-178.5974	
88.88962	7831.933		-178.665	
88.94361	7821.739		-178.731	
88.9976	7811.598		-178.796	
89.05158	7801.501		-178.8603	
89.10558	7791.442		-178.924	
89.15956	7781.418		-178.9871	
89.21355	7771.43		-179.0496	
89.26754	7761.478		-179.1112	
89.32153	7751.565		-179.1718	
89.37552	7741.695		-179.2311	
89.42951	7731.873		-179.2888	
89.4835	7722.119		-179.3447	
89.53749	7712.449		-179.3987	
89.59148	7702.881		-179.4505	
89.64547	7693.436		-179.5	
89.69946	7684.118		-179.5471	
89.75345	7674.905		-179.5918	
89.80743	7665.76		-179.6342	
89.86142	7656.648		-179.6745	
89.91541	7647.525		-179.7128	
89.9694	7638.365		-179.7494	
90.02339	7629.134		-179.7846	
90.07738	7619.828		-179.8186	
90.13137	7610.442		-179.8516	
90.18536	7600.986		-179.8839	
90.23935	7591.461		-179.9157	
90.29333	7581.888		-179.9472	
90.34733	7572.28		-179.9789	
90.40131	7562.668		-180.0112	
90.45531	7553.048		-180.0446	
90.50929	7543.427		-180.0797	
90.56329	7533.814		-180.1168	
90.61727	7524.22		-180.1564	
90.67126	7514.635		-180.1987	
90.72525	7505.069		-180.244	
90.77924	7495.516		-180.2923	
90.83323	7485.976		-180.3436	
90.88721	7476.437		-180.3979	
90.94121	7466.885		-180.4551	
90.99519	7457.32		-180.5152	
91.04919	7447.736		-180.578	
91.10317	7438.121		-180.6434	
91.15717	7428.469		-180.7113	
91.21115	7418.768		-180.7817	
91.26514	7409.01		-180.8544	
91.31913	7399.208		-180.9292	
91.37312	7389.367		-181.0061	
91.42711	7379.491		-181.0852	
91.4811	7369.578		-181.1664	
91.53509	7359.632		-181.2498	
91.58907	7349.648		-181.3352	
91.64307	7339.631		-181.4227	
91.69705	7329.576		-181.5122	
91.75105	7319.477		-181.6036	
91.80503	7309.339		-181.6967	
91.85902	7299.163		-181.7914	
91.91301	7288.952		-181.8876	
91.967	7278.705		-181.9849	
92.02099	7268.423		-182.0832	
92.07498	7258.118		-182.1822	
92.12897	7247.809		-182.2816	
92.18296	7237.523		-182.3811	
92.23695	7227.281		-182.4804	
92.29094	7217.102		-182.5791	
92.34492	7206.999		-182.677	
92.39892	7196.974		-182.7739	
92.4529	7187.013		-182.8524	
92.50689	7177.11		-182.9378	
92.56088	7167.25		-183.0273	
92.61487	7157.433		-183.1189	
92.66886	7147.662		-183.211	
92.72285	7137.954		-183.3025	
92.77684	7128.3		-183.3928	
92.83083	7118.693		-183.4815	
92.88482	7109.101		-183.5685	
92.9388	7099.503		-183.6536	
92.9928	7089.883		-183.737	
93.04678	7080.244		-183.8186	
93.10078	7070.591		-183.8986	
93.15476	7060.945		-183.9771	
93.20876	7051.301		-184.0541	
93.26274	7041.667		-184.1298	
93.31673	7032.039		-184.2044	
93.37072	7022.416		-184.2781	
93.42471	7012.786		-184.3509	
93.4787	7003.139		-184.423	
93.53268	6993.462		-184.4946	
93.58668	6983.745		-184.5658	
93.64066	6973.99		-184.6367	
93.69466	6964.188		-184.7075	
93.74864	6954.344		-184.7783	
93.80264	6944.484		-184.8493	
93.85662	6934.617		-184.9205	
93.91061	6924.738		-184.9921	
93.9646	6914.824		-185.0643	
94.01859	6904.834		-185.1371	
94.07258	6894.566		-185.2106	
94.12657	6884.243		-185.2849	
94.18056	6873.928		-185.3601	
94.23454	6863.626		-185.4362	
94.28854	6853.335		-185.5134	
94.34252	6843.05		-185.5916	
94.39651	6832.766		-185.6708	
94.4505	6822.483		-185.7512	
94.50449	6812.196		-185.8327	
94.55848	6801.908		-185.9153	
94.61247	6791.613		-185.9991	
94.66646	6781.314		-186.0841	
94.72045	6771.007		-186.1702	
94.77444	6760.691		-186.2575	
94.82843	6750.361		-186.3459	
94.88242	6740.02		-186.4355	
94.93641	6729.664		-186.5261	
94.99039	6719.299		-186.6179	
