T[Â°C]	Ratio 350nm / 330nm	S.D.	First derivative	S.D. of first derivative
20.00059	0.8722196		-0.0004965743	
20.0547	0.8721898		-0.0004953642	
20.10881	0.8721601		-0.000494165	
20.16292	0.8721306		-0.0004929772	
20.21702	0.8721011		-0.0004918011	
20.27113	0.8720717		-0.0004906372	
20.32524	0.8720425		-0.0004894859	
20.37935	0.8720134		-0.0004883477	
20.43346	0.8719844		-0.0004872229	
20.48757	0.8719555		-0.000486112	
20.54167	0.8719267		-0.0004850156	
20.59578	0.8718981		-0.000483934	
20.64989	0.8718696		-0.0004828677	
20.704	0.8718411		-0.0004818171	
20.75811	0.8718128		-0.0004807828	
20.81221	0.8717846		-0.0004797651	
20.86632	0.8717565		-0.0004787646	
20.92043	0.8717284		-0.0004777816	
20.97454	0.8717004		-0.0004768167	
21.02865	0.8716725		-0.0004758702	
21.08276	0.8716445		-0.0004749426	
21.13686	0.8716165		-0.0004740344	
21.19097	0.8715886		-0.0004731459	
21.24508	0.8715606		-0.0004722776	
21.29919	0.8715325		-0.0004714299	
21.3533	0.8715044		-0.0004706031	
21.4074	0.8714762		-0.0004697976	
21.46151	0.8714479		-0.0004690138	
21.51562	0.8714195		-0.0004682521	
21.56973	0.871391		-0.0004675127	
21.62384	0.8713624		-0.0004667959	
21.67795	0.8713338		-0.000466102	
21.73205	0.871305		-0.0004654314	
21.78616	0.8712761		-0.0004647841	
21.84027	0.8712472		-0.0004641604	
21.89438	0.8712181		-0.0004635605	
21.94849	0.8711891		-0.0004629844	
22.0026	0.8711599		-0.0004624322	
22.0567	0.8711309		-0.000461904	
22.11081	0.8711022		-0.0004613997	
22.16492	0.8710739		-0.0004609192	
22.21903	0.8710464		-0.0004604623	
22.27314	0.8710241		-0.0004600288	
22.32724	0.8710023		-0.0004596184	
22.38135	0.870981		-0.0004592305	
22.43546	0.8709602		-0.0004588648	
22.48957	0.8709397		-0.0004585203	
22.54368	0.8709196		-0.0004581964	
22.59779	0.8709		-0.000457892	
22.65189	0.8708806		-0.000457606	
22.706	0.8708617		-0.0004573372	
22.76011	0.8708432		-0.0004570839	
22.81422	0.870825		-0.0004568446	
22.86833	0.870807		-0.0004566173	
22.92243	0.8707892		-0.0004564	
22.97654	0.8707713		-0.0004561904	
23.03065	0.8707536		-0.000455986	
23.08476	0.8707357		-0.0004557842	
23.13887	0.8707176		-0.0004555821	
23.19298	0.8706993		-0.0004553773	
23.24708	0.8706808		-0.0004551672	
23.30119	0.8706619		-0.0004549499	
23.3553	0.8706427		-0.0004547244	
23.40941	0.8706232		-0.0004544913	
23.46352	0.8706036		-0.0004542531	
23.51762	0.8705838		-0.000454016	
23.57173	0.8705637		-0.0004537896	
23.62584	0.8705437		-0.0004535877	
23.67995	0.8705235		-0.000453427	
23.73406	0.8705032		-0.0004552502	
23.78817	0.870483		-0.0004572052	
23.84227	0.8704626		-0.0004592916	
23.89638	0.8704421		-0.0004615092	
23.95049	0.8704215		-0.0004638572	
24.0046	0.8704008		-0.0004663344	
24.05871	0.8703801		-0.0004689394	
24.11282	0.8703592		-0.0004716705	
24.16692	0.8703384		-0.0004745248	
24.22103	0.8703176		-0.0004774996	
24.27514	0.870297		-0.0004805919	
24.32925	0.8702764		-0.0004837983	
24.38336	0.8702559		-0.000487115	
24.43746	0.8702354		-0.0004905384	
24.49157	0.870215		-0.0004940651	
24.54568	0.8701946		-0.0004976909	
24.59979	0.8701739		-0.0005014115	
24.6539	0.8701532		-0.0005052229	
24.70801	0.8701324		-0.0005091208	
24.76211	0.8701115		-0.0005131008	
24.81622	0.8700904		-0.0005171595	
24.87033	0.870069		-0.0005212941	
24.92444	0.8700474		-0.0005255012	
24.97855	0.8700253		-0.000529778	
25.03265	0.8700027		-0.0005341212	
25.08676	0.8699796		-0.0005385276	
25.14087	0.8699559		-0.0005429934	
25.19498	0.8699315		-0.0005475151	
25.24909	0.8699061		-0.0005520894	
25.3032	0.8698798		-0.0005567119	
25.3573	0.8698527		-0.0005613784	
25.41141	0.8698245		-0.0005660849	
25.46552	0.8697954		-0.0005708267	
25.51963	0.8697654		-0.0005755985	
25.57374	0.8697343		-0.000580395	
25.62785	0.8697021		-0.00058521	
25.68195	0.8696687		-0.0005900361	
25.73606	0.8696342		-0.0005948661	
25.79017	0.8695986		-0.0005996919	
25.84428	0.869562		-0.0006045054	
25.89839	0.8695245		-0.0006092977	
25.95249	0.869486		-0.0006140603	
26.0066	0.8694467		-0.0006187848	
26.06071	0.8694065		-0.0006234625	
26.11482	0.8693655		-0.0006280856	
26.16893	0.8693239		-0.0006326461	
26.22304	0.8692818		-0.0006371372	
26.27714	0.8692393		-0.0006415523	
26.33125	0.8691965		-0.0006458863	
26.38536	0.8691534		-0.000650135	
26.43947	0.8691101		-0.0006542955	
26.49358	0.8690667		-0.0006583658	
26.54768	0.8690231		-0.000662345	
26.60179	0.8689796		-0.0006662329	
26.6559	0.8689361		-0.0006700296	
26.71001	0.8688927		-0.0006737363	
26.76412	0.8688495		-0.0006773545	
26.81823	0.8688065		-0.0006808854	
26.87233	0.8687639		-0.0006843309	
26.92644	0.8687214		-0.0006876927	
26.98055	0.868679		-0.0006909717	
27.03466	0.8686365		-0.0006941687	
27.08877	0.8685939		-0.0006972839	
27.14288	0.8685511		-0.000700317	
27.19698	0.8685082		-0.0007032666	
27.25109	0.8684652		-0.0007061312	
27.3052	0.8684223		-0.0007089094	
27.35931	0.8683794		-0.0007115992	
27.41342	0.8683364		-0.000714199	
27.46752	0.8682932		-0.0007167069	
27.52163	0.8682497		-0.000719121	
27.57574	0.8682058		-0.0007214395	
27.62985	0.8681616		-0.000723661	
27.68396	0.868117		-0.0007257845	
27.73807	0.8680722		-0.0007278093	
27.79217	0.8680273		-0.0007297353	
27.84628	0.8679824		-0.0007315629	
27.90039	0.8679377		-0.0007332927	
27.9545	0.8678935		-0.0007349256	
28.00861	0.8678498		-0.0007364625	
28.06271	0.8678067		-0.0007379046	
28.11682	0.8677643		-0.0007392535	
28.17093	0.8677226		-0.0007405106	
28.22504	0.8676818		-0.0007416785	
28.27915	0.867642		-0.0007427597	
28.33326	0.8676032		-0.0007437581	
28.38736	0.8675653		-0.0007446783	
28.44147	0.8675283		-0.0007455256	
28.49558	0.8674919		-0.000746306	
28.54969	0.8674558		-0.0007470252	
28.6038	0.86742		-0.0007476892	
28.6579	0.8673843		-0.0007483034	
28.71201	0.8673487		-0.0007488729	
28.76612	0.8673133		-0.0007494028	
28.82023	0.8672779		-0.0007498976	
28.87434	0.8672425		-0.0007503612	
28.92845	0.867207		-0.0007507975	
28.98255	0.8671711		-0.0007512098	
29.03666	0.8671349		-0.0007516015	
29.09077	0.867098		-0.0007519753	
29.14488	0.8670604		-0.0007523339	
29.19899	0.8670218		-0.0007526794	
29.2531	0.8669823		-0.0007530143	
29.3072	0.8669421		-0.0007533415	
29.36131	0.8669012		-0.0007536653	
29.41542	0.8668598		-0.0007539913	
29.46953	0.866818		-0.0007543257	
29.52364	0.8667759		-0.0007546754	
29.57774	0.8667336		-0.0007550479	
29.63185	0.8666914		-0.0007554514	
29.68596	0.8666492		-0.0007558952	
29.74007	0.8666072		-0.0007563891	
29.79418	0.8665656		-0.0007569437	
29.84829	0.8665246		-0.0007575699	
29.90239	0.8664844		-0.0007582788	
29.9565	0.8664449		-0.0007590816	
30.01061	0.8664063		-0.0007599895	
30.06472	0.8663683		-0.0007610131	
30.11883	0.8663308		-0.0007621623	
30.17293	0.8662935		-0.0007634462	
30.22704	0.8662565		-0.000764873	
30.28115	0.8662194		-0.0007664492	
30.33526	0.8661823		-0.0007681805	
30.38937	0.8661448		-0.0007700715	
30.44348	0.8661069		-0.0007721256	
30.49758	0.8660683		-0.0007743458	
30.55169	0.8660288		-0.0007767342	
30.6058	0.8659882		-0.000779292	
30.65991	0.8659465		-0.0007820192	
30.71402	0.8659037		-0.0007849155	
30.76813	0.8658599		-0.0007879806	
30.82223	0.8658152		-0.0007912135	
30.87634	0.8657699		-0.0007946137	
30.93045	0.8657241		-0.0007981804	
30.98456	0.8656781		-0.0008019127	
31.03867	0.8656318		-0.0008058089	
31.09277	0.8655856		-0.000809867	
31.14688	0.8655394		-0.0008140847	
31.20099	0.8654937		-0.0008184587	
31.2551	0.8654484		-0.0008229857	
31.30921	0.8654035		-0.0008276621	
31.36332	0.8653592		-0.0008324843	
31.41742	0.8653153		-0.0008374482	
31.47153	0.8652719		-0.0008425499	
31.52564	0.865229		-0.0008477856	
31.57975	0.8651865		-0.0008531504	
31.63386	0.8651446		-0.0008586399	
31.68796	0.8651029		-0.0008642491	
31.74207	0.8650618		-0.000869973	
31.79618	0.865021		-0.0008758049	
31.85029	0.8649807		-0.0008817386	
31.9044	0.864941		-0.0008877676	
31.95851	0.8649018		-0.0008938839	
32.01262	0.8648631		-0.0009000796	
32.06672	0.8648248		-0.000906345	
32.12083	0.8647865		-0.0009126709	
32.17494	0.8647482		-0.0009190469	
32.22905	0.8647094		-0.0009254629	
32.28315	0.8646703		-0.0009319098	
32.33726	0.8646306		-0.0009383783	
32.39137	0.8645902		-0.0009448606	
32.44548	0.8645491		-0.0009513472	
32.49959	0.8645072		-0.0009578303	
32.5537	0.8644644		-0.0009643016	
32.6078	0.8644207		-0.0009707536	
32.66191	0.8643759		-0.0009771786	
32.71602	0.8643301		-0.0009835701	
32.77013	0.8642833		-0.0009899224	
32.82424	0.8642355		-0.0009962295	
32.87835	0.8641868		-0.001002487	
32.93245	0.8641371		-0.001008693	
32.98656	0.8640866		-0.001014843	
33.04067	0.8640348		-0.001020935	
33.09478	0.8639818		-0.001026968	
33.14889	0.8639272		-0.001032941	
33.203	0.8638713		-0.001038851	
33.2571	0.8638141		-0.001044696	
33.31121	0.8637557		-0.001050476	
33.36532	0.863696		-0.001056187	
33.41943	0.8636349		-0.001061825	
33.47353	0.8635728		-0.00106739	
33.52765	0.8635097		-0.001072875	
33.58175	0.8634457		-0.001078277	
33.63586	0.8633809		-0.00108359	
33.68997	0.8633153		-0.001088809	
33.74408	0.8632489		-0.001093927	
33.79818	0.8631817		-0.001098937	
33.85229	0.8631136		-0.001103833	
33.9064	0.8630446		-0.001108607	
33.96051	0.8629749		-0.001113254	
34.01462	0.8629044		-0.001117768	
34.06873	0.8628332		-0.001122145	
34.12283	0.8627611		-0.00112638	
34.17694	0.8626883		-0.001130468	
34.23105	0.8626146		-0.001134408	
34.28516	0.8625401		-0.001138197	
34.33927	0.8624649		-0.001141832	
34.39338	0.8623892		-0.001145312	
34.44748	0.8623131		-0.001148636	
34.50159	0.8622367		-0.001151805	
34.5557	0.8621602		-0.001154818	
34.60981	0.8620837		-0.001157675	
34.66392	0.8620071		-0.001160377	
34.71803	0.8619304		-0.001162926	
34.77213	0.8618538		-0.001165323	
34.82624	0.8617774		-0.001167568	
34.88035	0.8617011		-0.001169665	
34.93446	0.8616252		-0.001171613	
34.98856	0.8615497		-0.001173414	
35.04268	0.8614747		-0.001175068	
35.09678	0.8614002		-0.001176578	
35.15089	0.8613262		-0.001177942	
35.205	0.8612527		-0.001179164	
35.25911	0.8611798		-0.001180243	
35.31321	0.8611073		-0.001181182	
35.36732	0.8610355		-0.001181982	
35.42143	0.8609641		-0.001182645	
35.47554	0.8608934		-0.001183173	
35.52965	0.8608235		-0.001183569	
35.58376	0.8607544		-0.001183837	
35.63786	0.8606862		-0.001183979	
35.69197	0.8606191		-0.001183999	
35.74608	0.8605532		-0.001183902	
35.80019	0.8604886		-0.001183691	
35.8543	0.8604252		-0.001183374	
35.90841	0.8603631		-0.001182955	
35.96251	0.860302		-0.001182442	
36.01662	0.8602418		-0.001181844	
36.07073	0.8601823		-0.001181168	
36.12484	0.8601237		-0.001180424	
36.17894	0.8600659		-0.001179622	
36.23306	0.8600088		-0.001178773	
36.28716	0.8599524		-0.001177887	
36.34127	0.8598968		-0.001176976	
36.39538	0.8598418		-0.001176051	
36.44949	0.8597873		-0.00117512	
36.50359	0.8597331		-0.001174194	
36.5577	0.8596792		-0.001173283	
36.61181	0.8596255		-0.001172393	
36.66592	0.8595719		-0.001171534	
36.72003	0.8595182		-0.001170711	
36.77414	0.859464		-0.001169932	
36.82824	0.8594094		-0.001169202	
36.88235	0.8593543		-0.001168528	
36.93646	0.8592985		-0.001167916	
36.99057	0.8592423		-0.001167372	
37.04468	0.8591855		-0.001166901	
37.09879	0.8591282		-0.001166507	
37.15289	0.8590702		-0.001166194	
37.207	0.8590118		-0.001165964	
37.26111	0.8589529		-0.001165823	
37.31522	0.8588938		-0.001165773	
37.36933	0.8588344		-0.001165817	
37.42344	0.8587749		-0.00116596	
37.47754	0.8587155		-0.001166204	
37.53165	0.858656		-0.001166555	
37.58576	0.8585968		-0.001167017	
37.63987	0.8585377		-0.001167594	
37.69397	0.8584786		-0.001168294	
37.74809	0.8584195		-0.00116912	
37.80219	0.8583603		-0.001170076	
37.8563	0.8583009		-0.001171166	
37.91041	0.8582413		-0.001172393	
37.96452	0.8581814		-0.00117376	
38.01862	0.858121		-0.001175267	
38.07273	0.8580603		-0.001176917	
38.12684	0.8579991		-0.001178709	
38.18095	0.8579373		-0.001180641	
38.23506	0.8578748		-0.001182712	
38.28917	0.8578116		-0.001184919	
38.34327	0.8577476		-0.001187258	
38.39738	0.8576825		-0.001189723	
38.45149	0.8576164		-0.001192311	
38.5056	0.8575495		-0.001195016	
38.55971	0.8574821		-0.001197832	
38.61382	0.8574142		-0.001200752	
38.66792	0.8573461		-0.001203772	
38.72203	0.8572779		-0.001206885	
38.77614	0.8572097		-0.001210083	
38.83025	0.8571416		-0.001213358	
38.88436	0.857074		-0.001216704	
38.93847	0.8570068		-0.001220112	
38.99257	0.8569403		-0.001223574	
39.04668	0.8568746		-0.001227084	
39.10079	0.8568096		-0.001230636	
39.1549	0.8567453		-0.001234225	
39.209	0.8566816		-0.001237846	
39.26311	0.8566184		-0.001241496	
39.31722	0.8565557		-0.00124517	
39.37133	0.8564932		-0.001248866	
39.42544	0.856431		-0.001252581	
39.47955	0.856369		-0.001256311	
39.53365	0.856307		-0.001260052	
39.58776	0.8562451		-0.0012638	
39.64187	0.8561831		-0.001267549	
39.69598	0.8561209		-0.001271295	
39.75009	0.8560584		-0.001275031	
39.8042	0.8559952		-0.001278754	
39.8583	0.8559313		-0.001282458	
39.91241	0.8558663		-0.001286138	
39.96652	0.8558		-0.001289791	
40.02063	0.8557323		-0.001293414	
40.07474	0.8556633		-0.001297002	
40.12885	0.8555928		-0.001300555	
40.18295	0.855521		-0.00130407	
40.23706	0.8554477		-0.001307545	
40.29117	0.8553731		-0.00131098	
40.34528	0.8552971		-0.001314375	
40.39939	0.8552198		-0.001317728	
40.4535	0.8551414		-0.001321039	
40.5076	0.8550619		-0.001324309	
40.56171	0.8549815		-0.001327538	
40.61582	0.8549003		-0.001330727	
40.66993	0.8548185		-0.00133388	
40.72403	0.8547362		-0.001337	
40.77814	0.8546538		-0.001340091	
40.83225	0.8545716		-0.001343158	
40.88636	0.8544897		-0.001346205	
40.94047	0.8544084		-0.00134924	
40.99458	0.8543275		-0.001352268	
41.04868	0.8542472		-0.001355296	
41.10279	0.8541673		-0.00135833	
41.1569	0.8540882		-0.001361376	
41.21101	0.8540096		-0.001364439	
41.26512	0.8539314		-0.001367526	
41.31923	0.8538535		-0.001370641	
41.37333	0.8537758		-0.001373788	
41.42744	0.8536982		-0.00137697	
41.48155	0.8536208		-0.001380191	
41.53566	0.8535436		-0.001383452	
41.58977	0.8534666		-0.001386754	
41.64388	0.8533899		-0.0013901	
41.69798	0.8533132		-0.001393488	
41.75209	0.8532367		-0.00139692	
41.8062	0.8531604		-0.001400394	
41.86031	0.8530842		-0.001403912	
41.91442	0.853008		-0.001407473	
41.96852	0.8529317		-0.001411077	
42.02263	0.8528554		-0.001414727	
42.07674	0.852779		-0.001418423	
42.13085	0.8527026		-0.001422166	
42.18496	0.8526261		-0.001425961	
42.23906	0.8525496		-0.001429808	
42.29317	0.852473		-0.001433712	
42.34728	0.8523962		-0.001437674	
42.40139	0.8523194		-0.001441695	
42.4555	0.8522428		-0.001445778	
42.50961	0.8521668		-0.001449923	
42.56371	0.8520916		-0.001454132	
42.61782	0.8520172		-0.001458405	
42.67193	0.8519438		-0.001462743	
42.72604	0.8518713		-0.001467144	
42.78015	0.8517997		-0.001471604	
42.83426	0.8517289		-0.001476122	
42.88836	0.851659		-0.001480693	
42.94247	0.8515897		-0.001485314	
42.99658	0.8515208		-0.001489978	
43.05069	0.8514521		-0.001494681	
43.1048	0.8513833		-0.001499418	
43.15891	0.8513141		-0.001504182	
43.21301	0.8512446		-0.001508968	
43.26712	0.8511748		-0.001513769	
43.32123	0.8511047		-0.001518576	
43.37534	0.851034		-0.001523382	
43.42945	0.8509628		-0.001528179	
43.48355	0.8508908		-0.001532956	
43.53766	0.850818		-0.001537705	
43.59177	0.8507441		-0.001542418	
43.64588	0.850669		-0.001547089	
43.69999	0.8505925		-0.001551709	
43.75409	0.8505144		-0.001556272	
43.8082	0.8504345		-0.001560773	
43.86231	0.8503529		-0.001565205	
43.91642	0.8502697		-0.001569563	
43.97053	0.8501849		-0.001573841	
44.02464	0.8500986		-0.001578035	
44.07874	0.8500112		-0.00158214	
44.13285	0.8499228		-0.001586151	
44.18696	0.8498337		-0.001590067	
44.24107	0.849744		-0.001593884	
44.29518	0.8496539		-0.001597599	
44.34929	0.8495633		-0.001601212	
44.40339	0.8494722		-0.001604721	
44.4575	0.8493805		-0.001608126	
44.51161	0.8492882		-0.001611429	
44.56572	0.8491952		-0.001614629	
44.61983	0.8491017		-0.001617726	
44.67393	0.8490076		-0.001620721	
44.72804	0.848913		-0.001623614	
44.78215	0.8488177		-0.001626406	
44.83626	0.8487219		-0.001629097	
44.89037	0.8486253		-0.001631688	
44.94448	0.848528		-0.001634177	
44.99858	0.8484301		-0.001636564	
45.05269	0.8483318		-0.001638851	
45.1068	0.848233		-0.001641038	
45.16091	0.8481338		-0.001643127	
45.21502	0.8480341		-0.001645121	
45.26912	0.847934		-0.001647024	
45.32323	0.8478338		-0.001648842	
45.37734	0.8477334		-0.00165058	
45.43145	0.8476331		-0.001652246	
45.48556	0.8475327		-0.001653848	
45.53967	0.8474321		-0.001655392	
45.59377	0.8473312		-0.001656885	
45.64788	0.84723		-0.001658336	
45.70199	0.8471283		-0.001659749	
45.7561	0.8470263		-0.00166113	
45.81021	0.8469239		-0.001662484	
45.86432	0.8468212		-0.001663815	
45.91842	0.8467182		-0.001665126	
45.97253	0.846615		-0.001666419	
46.02664	0.8465118		-0.001667695	
46.08075	0.846409		-0.001668956	
46.13486	0.8463064		-0.001670202	
46.18896	0.8462042		-0.001671435	
46.24307	0.8461025		-0.001672654	
46.29718	0.8460014		-0.00167386	
46.35129	0.8459012		-0.001675052	
46.4054	0.8458022		-0.001676229	
46.45951	0.8457046		-0.001677393	
46.51361	0.8456085		-0.001678542	
46.56772	0.845514		-0.001679679	
46.62183	0.845421		-0.001680804	
46.67594	0.8453296		-0.001681919	
46.73005	0.8452398		-0.001683027	
46.78415	0.8451514		-0.001684129	
46.83826	0.8450643		-0.00168523	
46.89237	0.8449785		-0.001686333	
46.94648	0.8448938		-0.00168744	
47.00059	0.8448104		-0.001688557	
47.0547	0.8447283		-0.001689686	
47.1088	0.8446476		-0.001690834	
47.16291	0.8445682		-0.001692002	
47.21702	0.84449		-0.001693195	
47.27113	0.8444129		-0.001694417	
47.32524	0.8443366		-0.001695668	
47.37934	0.8442607		-0.001696951	
47.43345	0.844185		-0.001698268	
47.48756	0.8441094		-0.001699621	
47.54167	0.8440335		-0.001701013	
47.59578	0.8439574		-0.001702448	
47.64989	0.8438805		-0.001703928	
47.70399	0.8438029		-0.001705457	
47.7581	0.8437241		-0.001707039	
47.81221	0.8436442		-0.001708676	
47.86632	0.8435632		-0.001710372	
47.92043	0.8434812		-0.001712129	
47.97453	0.8433985		-0.001713948	
48.02864	0.843315		-0.00171583	
48.08275	0.8432311		-0.001717776	
48.13686	0.843147		-0.001719784	
48.19097	0.8430629		-0.001721855	
48.24508	0.8429789		-0.001723988	
48.29918	0.8428949		-0.00172618	
48.35329	0.8428108		-0.001728433	
48.4074	0.8427266		-0.001730743	
48.46151	0.8426422		-0.001733111	
48.51562	0.8425576		-0.001735533	
48.56973	0.8424727		-0.001738008	
48.62383	0.8423876		-0.001740535	
48.67794	0.8423019		-0.001743115	
48.73205	0.8422158		-0.001745746	
48.78616	0.8421291		-0.00174843	
48.84027	0.8420417		-0.001751167	
48.89437	0.8419535		-0.001753957	
48.94848	0.841864		-0.0017568	
49.00259	0.8417731		-0.001759695	
49.0567	0.8416806		-0.001762638	
49.11081	0.8415864		-0.001765627	
49.16492	0.8414903		-0.001768656	
49.21902	0.8413925		-0.001771716	
49.27313	0.8412928		-0.0017748	
49.32724	0.8411915		-0.001777898	
49.38135	0.8410885		-0.001781	
49.43546	0.8409839		-0.001784097	
49.48956	0.8408777		-0.001787179	
49.54367	0.8407698		-0.001790237	
49.59778	0.8406606		-0.001793262	
49.65189	0.8405499		-0.001796247	
49.706	0.8404382		-0.001799184	
49.76011	0.8403254		-0.00180207	
49.81421	0.8402116		-0.001804899	
49.86832	0.8400971		-0.001807667	
49.92243	0.8399821		-0.001810372	
49.97654	0.8398668		-0.001813013	
50.03065	0.8397512		-0.001815588	
50.08475	0.8396356		-0.001818099	
50.13886	0.8395199		-0.001820544	
50.19297	0.8394045		-0.001822923	
50.24708	0.8392895		-0.001825236	
50.30119	0.839175		-0.001827482	
50.3553	0.8390613		-0.00182966	
50.4094	0.8389482		-0.001831772	
50.46351	0.8388358		-0.001833817	
50.51762	0.8387244		-0.001835794	
50.57173	0.8386141		-0.001837706	
50.62584	0.8385051		-0.001839554	
50.67995	0.8383972		-0.00184134	
50.73405	0.8382905		-0.001843067	
50.78816	0.8381846		-0.001844738	
50.84227	0.8380796		-0.001846356	
50.89638	0.8379753		-0.001847924	
50.95049	0.8378718		-0.001849446	
51.00459	0.8377692		-0.001850924	
51.0587	0.8376673		-0.001852361	
51.11281	0.8375663		-0.001853761	
51.16692	0.8374661		-0.001855126	
51.22103	0.8373666		-0.001856459	
51.27514	0.8372677		-0.001857764	
51.32924	0.8371695		-0.001859041	
51.38335	0.8370718		-0.001860295	
51.43746	0.8369745		-0.001861526	
51.49157	0.8368776		-0.001862736	
51.54568	0.836781		-0.001863927	
51.59978	0.8366848		-0.0018651	
51.65389	0.836589		-0.001866255	
51.708	0.8364936		-0.001867393	
51.76211	0.8363985		-0.001868515	
51.81622	0.8363039		-0.00186962	
51.87033	0.8362098		-0.001870708	
51.92443	0.8361162		-0.00187178	
51.97854	0.836023		-0.001872836	
52.03265	0.8359302		-0.001873878	
52.08676	0.8358378		-0.001874906	
52.14087	0.8357459		-0.001875922	
52.19498	0.8356544		-0.001876929	
52.24908	0.8355637		-0.001877927	
52.30319	0.8354735		-0.00187892	
52.3573	0.8353836		-0.001879908	
52.41141	0.8352939		-0.001880893	
52.46552	0.8352041		-0.001881876	
52.51962	0.8351141		-0.001882855	
52.57373	0.8350236		-0.001883831	
52.62784	0.8349324		-0.001884802	
52.68195	0.8348405		-0.001885767	
52.73606	0.8347475		-0.001886724	
52.79016	0.8346535		-0.001887672	
52.84427	0.8345584		-0.00188861	
52.89838	0.8344624		-0.001889538	
52.95249	0.8343654		-0.001890456	
53.0066	0.8342676		-0.001891366	
53.06071	0.8341689		-0.00189227	
53.11481	0.8340693		-0.001893171	
53.16892	0.8339687		-0.001894071	
53.22303	0.8338674		-0.001894975	
53.27714	0.8337654		-0.001895889	
53.33125	0.8336629		-0.001896817	
53.38536	0.8335602		-0.001897763	
53.43946	0.8334573		-0.001898733	
53.49357	0.8333542		-0.00189973	
53.54768	0.8332509		-0.001900755	
53.60179	0.8331475		-0.001901812	
53.6559	0.8330438		-0.001902901	
53.71001	0.8329396		-0.00190402	
53.76411	0.8328351		-0.001905167	
53.81822	0.8327302		-0.001906339	
53.87233	0.8326247		-0.001907529	
53.92644	0.8325186		-0.001908733	
53.98055	0.8324119		-0.001909944	
54.03465	0.8323045		-0.001911156	
54.08876	0.8321966		-0.001912362	
54.14287	0.8320881		-0.001913555	
54.19698	0.8319791		-0.001914726	
54.25109	0.8318695		-0.001915868	
54.30519	0.8317596		-0.001916974	
54.3593	0.8316494		-0.001918035	
54.41341	0.8315388		-0.001919043	
54.46752	0.8314278		-0.001919989	
54.52163	0.8313163		-0.001920865	
54.57574	0.8312044		-0.001921665	
54.62984	0.8310922		-0.001922382	
54.68395	0.8309796		-0.001923009	
54.73806	0.8308668		-0.00192354	
54.79217	0.8307536		-0.001923968	
54.84628	0.8306403		-0.001924288	
54.90039	0.8305268		-0.001924493	
54.95449	0.8304134		-0.001924578	
55.0086	0.8302999		-0.001924539	
55.06271	0.8301865		-0.001924373	
55.11682	0.8300731		-0.001924079	
55.17093	0.8299599		-0.001923654	
55.22504	0.829847		-0.0019231	
55.27914	0.8297343		-0.001922417	
55.33325	0.8296221		-0.001921608	
55.38736	0.8295103		-0.001920675	
55.44147	0.8293992		-0.001919623	
55.49557	0.8292887		-0.001918457	
55.54968	0.8291789		-0.00191718	
55.60379	0.8290697		-0.001915799	
55.6579	0.8289613		-0.001914317	
55.71201	0.8288534		-0.001912742	
55.76612	0.8287463		-0.001911079	
55.82022	0.8286398		-0.001909331	
55.87433	0.828534		-0.001907505	
55.92844	0.828429		-0.001905606	
55.98255	0.8283245		-0.001903639	
56.03666	0.8282207		-0.001901609	
56.09077	0.8281173		-0.001899521	
56.14487	0.8280143		-0.001897382	
56.19898	0.8279117		-0.0018952	
56.25309	0.8278095		-0.001892981	
56.3072	0.8277074		-0.001890737	
56.36131	0.8276055		-0.001888476	
56.41542	0.827504		-0.001886211	
56.46952	0.8274029		-0.001883954	
56.52363	0.8273023		-0.001881717	
56.57774	0.8272022		-0.001879515	
56.63185	0.8271028		-0.001877359	
56.68596	0.8270039		-0.00187526	
56.74007	0.8269055		-0.001873231	
56.79417	0.8268078		-0.001871279	
56.84828	0.8267106		-0.001869414	
56.90239	0.8266135		-0.001867644	
56.9565	0.8265166		-0.001865975	
57.0106	0.8264197		-0.001864413	
57.06471	0.8263227		-0.001862963	
57.11882	0.8262257		-0.00186163	
57.17293	0.8261285		-0.001860416	
57.22704	0.826031		-0.001859325	
57.28115	0.8259332		-0.00185836	
57.33525	0.8258351		-0.001857522	
57.38936	0.8257367		-0.001856813	
57.44347	0.8256385		-0.001856234	
57.49758	0.8255407		-0.001855787	
57.55169	0.8254437		-0.001855471	
57.6058	0.8253478		-0.001855288	
57.6599	0.825253		-0.001855237	
57.71401	0.8251593		-0.001855318	
57.76812	0.8250667		-0.001855529	
57.82223	0.8249754		-0.00185587	
57.87634	0.8248851		-0.001856339	
57.93045	0.8247958		-0.001856934	
57.98455	0.8247074		-0.001857653	
58.03866	0.8246197		-0.001858494	
58.09277	0.8245323		-0.001859455	
58.14688	0.8244451		-0.001860535	
58.20098	0.8243576		-0.001861733	
58.25509	0.8242695		-0.001863046	
58.3092	0.8241809		-0.001864474	
58.36331	0.8240916		-0.001866014	
58.41742	0.8240015		-0.001867662	
58.47153	0.8239106		-0.001869415	
58.52563	0.823819		-0.001871268	
58.57974	0.8237265		-0.001873217	
58.63385	0.8236333		-0.001875254	
58.68796	0.8235391		-0.001877375	
58.74207	0.8234439		-0.00187957	
58.79618	0.8233474		-0.001881833	
58.85028	0.8232498		-0.001884155	
58.90439	0.8231511		-0.001886526	
58.9585	0.8230512		-0.001888937	
59.01261	0.8229502		-0.001891377	
59.06672	0.8228481		-0.001893835	
59.12083	0.8227448		-0.001896301	
59.17493	0.8226404		-0.001898762	
59.22904	0.8225353		-0.001901208	
59.28315	0.8224295		-0.001903626	
59.33726	0.8223233		-0.001906004	
59.39137	0.8222168		-0.00190833	
59.44548	0.8221103		-0.001910591	
59.49958	0.8220041		-0.001912775	
59.55369	0.8218983		-0.001914871	
59.6078	0.821793		-0.001916867	
59.66191	0.8216881		-0.001918752	
59.71601	0.8215834		-0.001920517	
59.77012	0.821479		-0.001922152	
59.82423	0.8213745		-0.001923649	
59.87834	0.8212698		-0.001924999	
59.93245	0.8211648		-0.001926195	
59.98656	0.8210593		-0.001927229	
60.04066	0.8209531		-0.001928092	
60.09477	0.8208458		-0.001928779	
60.14888	0.8207373		-0.001929279	
60.20299	0.8206276		-0.001929583	
60.2571	0.8205168		-0.001929681	
60.31121	0.8204048		-0.00192956	
60.36531	0.8202919		-0.001929207	
60.41942	0.8201783		-0.001928609	
60.47353	0.8200639		-0.001927751	
60.52764	0.8199489		-0.001926616	
60.58175	0.819833		-0.001925188	
60.63586	0.8197165		-0.001923454	
60.68996	0.8195993		-0.001921397	
60.74407	0.8194814		-0.001919002	
60.79818	0.8193626		-0.001916257	
60.85229	0.819243		-0.001913149	
60.90639	0.8191224		-0.001909666	
60.96051	0.819001		-0.001905798	
61.01461	0.8188788		-0.001901539	
61.06872	0.8187563		-0.001896882	
61.12283	0.8186339		-0.001891822	
61.17694	0.8185117		-0.001886354	
61.23104	0.8183901		-0.001880477	
61.28515	0.8182695		-0.001874186	
61.33926	0.8181503		-0.001867477	
61.39337	0.8180328		-0.00186035	
61.44748	0.8179173		-0.001852802	
61.50159	0.817804		-0.001844833	
61.55569	0.8176929		-0.00183644	
61.6098	0.8175839		-0.001827624	
61.66391	0.8174767		-0.001818386	
61.71802	0.817371		-0.001808722	
61.77213	0.8172666		-0.001798635	
61.82624	0.817163		-0.001788124	
61.88034	0.8170599		-0.001777186	
61.93445	0.8169568		-0.001765821	
61.98856	0.8168539		-0.001754027	
62.04267	0.8167508		-0.001741804	
62.09678	0.8166479		-0.001729148	
62.15089	0.8165451		-0.001716061	
62.20499	0.8164425		-0.001702539	
62.2591	0.8163403		-0.001688582	
62.31321	0.8162386		-0.001674186	
62.36732	0.8161374		-0.001659351	
62.42142	0.816037		-0.001644074	
62.47554	0.8159375		-0.001628353	
62.52964	0.8158393		-0.001612191	
62.58375	0.8157426		-0.001595586	
62.63786	0.8156475		-0.001578543	
62.69197	0.8155543		-0.001561064	
62.74607	0.8154629		-0.001543155	
62.80018	0.8153733		-0.00152482	
62.85429	0.8152854		-0.001506065	
62.9084	0.8151993		-0.0014869	
62.96251	0.8151147		-0.001467332	
63.01662	0.8150317		-0.001447369	
63.07072	0.8149503		-0.001427021	
63.12483	0.8148707		-0.001406297	
63.17894	0.8147928		-0.001385207	
63.23305	0.8147168		-0.00136376	
63.28716	0.8146424		-0.001341967	
63.34127	0.8145695		-0.001319837	
63.39537	0.8144979		-0.001297377	
63.44948	0.8144274		-0.001274595	
63.50359	0.8143578		-0.001251497	
63.5577	0.814289		-0.00122809	
63.61181	0.8142208		-0.001204378	
63.66592	0.8141529		-0.001180368	
63.72002	0.8140853		-0.001156063	
63.77413	0.8140178		-0.001131469	
63.82824	0.8139504		-0.00110659	
63.88235	0.8138831		-0.001081432	
63.93645	0.8138162		-0.001056001	
63.99057	0.8137497		-0.001030301	
64.04467	0.8136839		-0.001004345	
64.09878	0.8136192		-0.0009781334	
64.15289	0.8135557		-0.0009516765	
64.207	0.8134939		-0.000924977	
64.26111	0.813434		-0.0008980506	
64.31522	0.8133762		-0.0008709016	
64.36932	0.8133209		-0.0008435386	
64.42343	0.8132682		-0.0008159707	
64.47754	0.8132184		-0.0007882075	
64.53165	0.8131714		-0.0007602585	
64.58575	0.8131272		-0.0007321342	
64.63986	0.8130854		-0.0007038449	
64.69397	0.813046		-0.0006754014	
64.74808	0.8130085		-0.0006468142	
64.80219	0.812973		-0.0006180943	
64.85629	0.812939		-0.0005892519	
64.9104	0.8129067		-0.000560297	
64.96452	0.812876		-0.0005312351	
65.01862	0.812847		-0.000502084	
65.07273	0.8128199		-0.0004728488	
65.12684	0.8127944		-0.0004435379	
65.18095	0.8127707		-0.0004141598	
65.23505	0.8127488		-0.0003847221	
65.28916	0.8127286		-0.0003552324	
65.34327	0.8127104		-0.0003256981	
65.39738	0.8126941		-0.0002961268	
65.45148	0.8126797		-0.0002665271	
65.50559	0.8126671		-0.0002369089	
65.5597	0.8126565		-0.0002072834	
65.61381	0.8126476		-0.0001776639	
65.66792	0.8126405		-0.0001480654	
65.72203	0.8126351		-0.0001185009	
65.77614	0.8126311		-8.899766E-05	
65.83025	0.8126287		-5.957229E-05	
65.88435	0.8126277		-3.0247E-05	
65.93846	0.8126283		-1.04552E-06	
65.99257	0.8126304		2.800659E-05	
66.04668	0.8126341		5.688188E-05	
66.10078	0.8126398		8.555104E-05	
66.15489	0.8126475		0.000113983	
66.209	0.8126572		0.0001421456	
66.26311	0.8126691		0.0001700047	
66.31721	0.812683		0.0001975261	
66.37132	0.8126991		0.0002246745	
66.42543	0.812717		0.0002514142	
66.47955	0.8127369		0.0002777118	
66.53365	0.8127587		0.0003035231	
66.58776	0.8127824		0.0003288134	
66.64187	0.812808		0.0003535427	
66.69598	0.8128353		0.0003776712	
66.75008	0.8128642		0.0004011578	
66.80419	0.8128948		0.0004239606	
66.8583	0.8129267		0.0004460375	
66.91241	0.8129601		0.0004673455	
66.96651	0.8129948		0.0004878416	
67.02062	0.8130308		0.0005074811	
67.07473	0.813068		0.0005262197	
67.12884	0.8131064		0.0005440123	
67.18295	0.8131459		0.0005608131	
67.23706	0.8131866		0.0005765762	
67.29117	0.8132283		0.0005912528	
67.34528	0.8132712		0.0006047973	
67.39938	0.8133152		0.0006171609	
67.45349	0.8133605		0.0006282971	
67.5076	0.8134069		0.0006381588	
67.56171	0.8134547		0.0006466995	
67.61581	0.8135042		0.0006538737	
67.66992	0.8135552		0.0006596371	
67.72403	0.8136082		0.0006639477	
67.77814	0.8136632		0.0006667619	
67.83224	0.8137206		0.0006680447	
67.88635	0.8137806		0.0006677596	
67.94046	0.8138431		0.0006658766	
67.99458	0.8139081		0.0006623595	
68.04868	0.8139756		0.0006571903	
68.10279	0.8140455		0.0006503444	
68.1569	0.8141176		0.0006418033	
68.21101	0.8141916		0.0006315519	
68.26511	0.8142673		0.0006195788	
68.31922	0.8143444		0.000605876	
68.37333	0.8144227		0.0005904385	
68.42744	0.8145018		0.0005732643	
68.48154	0.8145814		0.0005543545	
68.53565	0.8146614		0.0005337136	
68.58976	0.8147416		0.0005113492	
68.64387	0.8148219		0.0004872721	
68.69798	0.8149021		0.0004614997	
68.75209	0.8149821		0.0004340371	
68.8062	0.8150616		0.0004049224	
68.86031	0.8151406		0.0003741739	
68.91441	0.8152189		0.0003418196	
68.96852	0.8152965		0.0003078904	
69.02263	0.8153733		0.0002724201	
69.07674	0.8154494		0.0002354452	
69.13084	0.8155246		0.0001970053	
69.18495	0.8155988		0.0001571421	
69.23906	0.815672		0.0001159005	
69.29317	0.8157441		7.332784E-05	
69.34727	0.815815		2.94745E-05	
69.40138	0.8158846		-1.560653E-05	
69.45549	0.8159527		-6.185706E-05	
69.50961	0.8160191		-0.000109233	
69.56371	0.8160836		-0.0001576523	
69.61782	0.8161457		-0.0002070604	
69.67193	0.8162053		-0.0002573908	
69.72604	0.8162616		-0.0003085742	
69.78014	0.8163142		-0.0003605383	
69.83425	0.8163624		-0.0004132086	
69.88836	0.8164058		-0.0004665078	
69.94247	0.8164438		-0.0005203569	
69.99657	0.8164759		-0.0005746751	
70.05068	0.8165017		-0.0006293803	
70.10479	0.8165207		-0.0006843894	
70.1589	0.8165326		-0.0007396187	
70.21301	0.8165371		-0.0007949833	
70.26712	0.8165337		-0.0008504076	
70.32123	0.8165224		-0.0009057877	
70.37534	0.8165027		-0.0009610454	
70.42944	0.8164745		-0.001016093	
70.48355	0.8164377		-0.001070843	
70.53766	0.816392		-0.001125207	
70.59177	0.8163373		-0.001179097	
70.64587	0.8162735		-0.001232425	
70.69998	0.8162003		-0.001285105	
70.75409	0.8161178		-0.001337049	
70.8082	0.8160259		-0.001388173	
70.8623	0.8159246		-0.001438388	
70.91641	0.815814		-0.001487611	
70.97052	0.815694		-0.00153576	
71.02464	0.8155648		-0.001582751	
71.07874	0.8154265		-0.001628496	
71.13285	0.8152798		-0.00167292	
71.18696	0.8151248		-0.001715944	
71.24107	0.8149619		-0.001757492	
71.29517	0.8147916		-0.00179749	
71.34928	0.8146141		-0.001835868	
71.40339	0.8144298		-0.001872554	
71.4575	0.8142389		-0.001907484	
71.5116	0.8140421		-0.001940592	
71.56571	0.8138398		-0.001971818	
71.61982	0.8136324		-0.002001103	
71.67393	0.8134207		-0.002028394	
71.72803	0.8132049		-0.002053642	
71.78215	0.8129858		-0.002076791	
71.83626	0.8127638		-0.002097802	
71.89037	0.8125393		-0.002116634	
71.94447	0.8123127		-0.00213325	
71.99858	0.8120842		-0.002147617	
72.05269	0.8118542		-0.002159706	
72.1068	0.811623		-0.00216949	
72.1609	0.8113909		-0.00217695	
72.21501	0.8111583		-0.002182066	
72.26912	0.8109255		-0.002184825	
72.32323	0.8106929		-0.002185217	
72.37733	0.8104608		-0.002183235	
72.43144	0.8102297		-0.002178878	
72.48555	0.8099999		-0.002172149	
72.53967	0.8097718		-0.00216304	
72.59377	0.8095461		-0.002151575	
72.64788	0.8093228		-0.002137761	
72.70199	0.8091028		-0.002121612	
72.7561	0.8088863		-0.002103148	
72.8102	0.8086738		-0.002082391	
72.86431	0.8084658		-0.002059365	
72.91842	0.8082629		-0.002034101	
72.97253	0.8080656		-0.002006631	
73.02663	0.8078743		-0.001976992	
73.08074	0.8076893		-0.001945224	
73.13485	0.8075111		-0.001911372	
73.18896	0.8073398		-0.001875483	
73.24306	0.807176		-0.001837611	
73.29718	0.8070197		-0.001797792	
73.35129	0.8068714		-0.001756105	
73.4054	0.8067311		-0.001712596	
73.4595	0.8065991		-0.001667327	
73.51361	0.8064755		-0.001620361	
73.56772	0.8063603		-0.001571762	
73.62183	0.8062535		-0.001521599	
73.67593	0.806155		-0.001469942	
73.73004	0.8060645		-0.001416862	
73.78415	0.805982		-0.001362432	
73.83826	0.805907		-0.001306727	
73.89236	0.8058394		-0.00124982	
73.94647	0.805779		-0.001191786	
74.00058	0.8057256		-0.001132704	
74.05469	0.8056791		-0.001072647	
74.1088	0.8056395		-0.001011684	
74.16291	0.8056065		-0.0009499114	
74.21702	0.8055802		-0.0008873972	
74.27113	0.8055602		-0.0008242187	
74.32523	0.8055465		-0.0007604532	
74.37934	0.8055387		-0.0006961782	
74.43345	0.8055369		-0.0006314707	
74.48756	0.8055407		-0.000566408	
74.54166	0.8055501		-0.000501067	
74.59577	0.8055648		-0.000435524	
74.64988	0.8055846		-0.000369855	
74.70399	0.8056092		-0.0003041355	
74.75809	0.8056385		-0.0002384393	
74.8122	0.8056721		-0.0001728416	
74.86632	0.8057098		-0.000107406	
74.92043	0.8057514		-4.221932E-05	
74.97453	0.8057969		2.265789E-05	
75.02864	0.8058461		8.7159E-05	
75.08275	0.805899		0.0001512195	
75.13686	0.8059554		0.0002147768	
75.19096	0.8060151		0.0002777707	
75.24507	0.8060779		0.000340144	
75.29918	0.8061436		0.0004018421	
75.35329	0.806212		0.0004628135	
75.40739	0.8062831		0.0005230098	
75.4615	0.8063565		0.0005823853	
75.51561	0.8064323		0.0006408996	
75.56972	0.8065102		0.0006985097	
75.62383	0.8065902		0.0007551874	
75.67794	0.806672		0.0008108874	
75.73205	0.8067554		0.0008655857	
75.78616	0.8068402		0.0009192549	
75.84026	0.8069263		0.0009718708	
75.89437	0.8070137		0.001023412	
75.94848	0.8071024		0.001073861	
76.00259	0.8071923		0.001123202	
76.05669	0.8072835		0.001171422	
76.1108	0.8073758		0.001218514	
76.16491	0.8074692		0.00126447	
76.21902	0.8075637		0.001309287	
76.27312	0.8076591		0.001352969	
76.32723	0.8077557		0.001395515	
76.38135	0.8078534		0.001436938	
76.43546	0.8079525		0.00147724	
76.48956	0.8080528		0.001516438	
76.54367	0.8081547		0.001554549	
76.59778	0.8082579		0.001591589	
76.65189	0.8083623		0.001627581	
76.70599	0.8084678		0.001662547	
76.7601	0.8085743		0.001696512	
76.81421	0.8086817		0.001729505	
76.86832	0.80879		0.001761554	
76.92242	0.8088993		0.001792692	
76.97653	0.8090096		0.001822951	
77.03064	0.8091211		0.001852366	
77.08475	0.8092339		0.00188097	
77.13886	0.8093481		0.001908802	
77.19297	0.8094637		0.001935892	
77.24708	0.8095804		0.001962279	
77.30119	0.8096983		0.001988	
77.35529	0.809817		0.002013089	
77.4094	0.8099365		0.002037584	
77.46351	0.8100567		0.002061519	
77.51762	0.8101776		0.002084928	
77.57172	0.8102992		0.002107843	
77.62583	0.8104215		0.002130294	
77.67994	0.8105443		0.002152312	
77.73405	0.8106674		0.002173924	
77.78815	0.810791		0.002195158	
77.84226	0.8109148		0.00221604	
77.89638	0.8110388		0.002236596	
77.95049	0.8111632		0.002256847	
78.00459	0.8112879		0.002276816	
78.0587	0.811413		0.002296528	
78.11281	0.8115386		0.002316001	
78.16692	0.8116646		0.002335254	
78.22102	0.8117911		0.002354307	
78.27513	0.8119183		0.002373175	
78.32924	0.8120462		0.002391875	
78.38335	0.812175		0.002410422	
78.43745	0.8123046		0.002428831	
78.49156	0.8124351		0.002447116	
78.54567	0.8125665		0.00246529	
78.59978	0.8126988		0.002483366	
78.65389	0.8128322		0.002501357	
78.708	0.8129665		0.002519268	
78.76211	0.8131019		0.002537113	
78.81622	0.8132381		0.0025549	
78.87032	0.8133754		0.002572639	
78.92443	0.8135135		0.002590338	
78.97854	0.8136525		0.002608004	
79.03265	0.8137926		0.002625643	
79.08675	0.8139336		0.002643262	
79.14086	0.8140755		0.002660863	
79.19497	0.8142182		0.00267845	
79.24908	0.8143618		0.002696025	
79.30318	0.8145061		0.002713589	
79.35729	0.8146509		0.002731142	
79.41141	0.8147963		0.002748684	
79.46552	0.814942		0.002766209	
79.51962	0.815088		0.002783715	
79.57373	0.8152342		0.002801198	
79.62784	0.8153809		0.002818653	
79.68195	0.8155279		0.002836074	
79.73605	0.8156753		0.002853453	
79.79016	0.8158232		0.002870783	
79.84427	0.8159715		0.002888056	
79.89838	0.8161204		0.002905263	
79.95248	0.8162701		0.002922393	
80.00659	0.8164205		0.002939436	
80.0607	0.8165719		0.002956378	
80.11481	0.8167244		0.002973208	
80.16892	0.8168783		0.002989913	
80.22303	0.8170338		0.003006476	
80.27714	0.8171909		0.003022884	
80.33125	0.8173497		0.003039122	
80.38535	0.8175103		0.003055174	
80.43946	0.8176727		0.003071024	
80.49357	0.8178372		0.003086654	
80.54768	0.8180037		0.003102045	
80.60178	0.8181722		0.003117176	
80.65589	0.8183429		0.00313203	
80.71	0.8185157		0.003146583	
80.76411	0.8186904		0.003160816	
80.81821	0.818867		0.003174707	
80.87232	0.8190452		0.003188236	
80.92644	0.8192253		0.003201383	
80.98055	0.819407		0.003214124	
81.03465	0.8195903		0.003226441	
81.08876	0.8197755		0.003238313	
81.14287	0.8199623		0.003249719	
81.19698	0.8201506		0.003260639	
81.25108	0.8203405		0.003271053	
81.30519	0.8205317		0.003280945	
81.3593	0.820724		0.003290296	
81.41341	0.8209174		0.00329909	
81.46751	0.8211117		0.003307312	
81.52162	0.8213069		0.003314947	
81.57573	0.8215029		0.003321982	
81.62984	0.8216994		0.003328404	
81.68395	0.8218966		0.003334198	
81.73806	0.8220944		0.003339354	
81.79217	0.8222929		0.00334386	
81.84628	0.8224918		0.003347706	
81.90038	0.8226911		0.00335088	
81.95449	0.8228909		0.003353375	
82.0086	0.8230911		0.003355179	
82.06271	0.8232918		0.003356285	
82.11681	0.8234932		0.003356683	
82.17092	0.8236952		0.003356364	
82.22503	0.8238981		0.003355322	
82.27914	0.824102		0.003353548	
82.33324	0.8243068		0.003351036	
82.38735	0.8245125		0.003347779	
82.44147	0.8247193		0.003343768	
82.49557	0.8249269		0.003339001	
82.54968	0.8251355		0.003333473	
82.60379	0.825345		0.003327177	
82.6579	0.8255553		0.00332011	
82.71201	0.8257661		0.003312268	
82.76611	0.8259773		0.003303648	
82.82022	0.8261884		0.003294248	
82.87433	0.8263992		0.003284066	
82.92844	0.8266093		0.003273102	
82.98254	0.8268183		0.003261357	
83.03665	0.827026		0.003248831	
83.09076	0.8272321		0.003235528	
83.14487	0.8274361		0.003221452	
83.19898	0.8276379		0.003206603	
83.25309	0.8278373		0.003190996	
83.3072	0.8280342		0.003174634	
83.36131	0.8282285		0.003157525	
83.41541	0.8284203		0.003139679	
83.46952	0.8286096		0.003121107	
83.52363	0.8287964		0.00310182	
83.57774	0.8289808		0.003081829	
83.63184	0.8291629		0.003061148	
83.68595	0.8293427		0.003039791	
83.74006	0.8295203		0.00301777	
83.79417	0.8296959		0.002995102	
83.84827	0.8298696		0.0029718	
83.90238	0.8300415		0.002947883	
83.9565	0.8302118		0.00292336	
84.0106	0.8303806		0.002898258	
84.06471	0.830548		0.002872591	
84.11882	0.8307139		0.002846375	
84.17293	0.8308784		0.002819631	
84.22704	0.8310415		0.002792376	
84.28114	0.831203		0.002764631	
84.33525	0.831363		0.002736416	
84.38936	0.8315214		0.002707755	
84.44347	0.831678		0.002678668	
84.49757	0.8318328		0.002649181	
84.55168	0.8319855		0.002619315	
84.60579	0.8321361		0.002589097	
84.6599	0.8322843		0.00255855	
84.714	0.83243		0.002527699	
84.76812	0.8325729		0.002496565	
84.82223	0.8327129		0.002465186	
84.87634	0.8328498		0.002433584	
84.93044	0.8329836		0.002401787	
84.98455	0.833114		0.002369825	
85.03866	0.8332412		0.002337724	
85.09277	0.8333651		0.002305515	
85.14687	0.833486		0.002273224	
85.20098	0.8336038		0.002240879	
85.25509	0.8337186		0.002208509	
85.3092	0.8338304		0.002176139	
85.3633	0.8339394		0.002143795	
85.41741	0.8340457		0.002111505	
85.47152	0.8341492		0.002079293	
85.52563	0.8342503		0.002047181	
85.57974	0.8343487		0.0020152	
85.63385	0.8344448		0.001983371	
85.68796	0.8345384		0.001951716	
85.74207	0.8346297		0.001920256	
85.79617	0.8347185		0.001889012	
85.85028	0.8348052		0.001858005	
85.90439	0.8348897		0.001827253	
85.9585	0.8349723		0.001796775	
86.0126	0.8350533		0.00176659	
86.06671	0.8351328		0.001736715	
86.12082	0.8352109		0.001707167	
86.17493	0.8352878		0.001677961	
86.22903	0.8353636		0.001649114	
86.28315	0.8354383		0.001620636	
86.33726	0.8355118		0.001592549	
86.39137	0.8355842		0.001564864	
86.44547	0.8356555		0.001537594	
86.49958	0.8357255		0.001510751	
86.55369	0.8357943		0.001484348	
86.6078	0.8358616		0.001458395	
86.6619	0.8359274		0.001432903	
86.71601	0.8359916		0.001407881	
86.77012	0.8360542		0.001383337	
86.82423	0.8361152		0.001359279	
86.87833	0.8361745		0.001335714	
86.93244	0.8362324		0.001312647	
86.98655	0.8362885		0.001290084	
87.04066	0.836343		0.001268028	
87.09477	0.836396		0.001246487	
87.14888	0.8364474		0.001225462	
87.20299	0.8364973		0.001204956	
87.2571	0.8365459		0.001184971	
87.3112	0.8365933		0.001165508	
87.36531	0.8366398		0.001146571	
87.41942	0.8366852		0.001128159	
87.47353	0.8367298		0.001110276	
87.52763	0.8367738		0.001092923	
87.58174	0.8368172		0.0010761	
87.63585	0.8368601		0.001059811	
87.68996	0.8369023		0.001044055	
87.74406	0.8369441		0.001028837	
87.79818	0.8369853		0.001014156	
87.85229	0.8370259		0.001000018	
87.90639	0.8370662		0.0009864225	
87.9605	0.8371058		0.0009733702	
88.01461	0.837145		0.0009608615	
88.06872	0.8371838		0.0009488963	
88.12283	0.8372222		0.0009374741	
88.17693	0.8372602		0.0009265933	
88.23104	0.8372976		0.000916252	
88.28515	0.8373345		0.0009064478	
88.33926	0.8373706		0.0008971775	
88.39336	0.8374062		0.0008884369	
88.44747	0.8374411		0.0008802213	
88.50158	0.8374757		0.0008725241	
88.55569	0.8375099		0.0008653395	
88.6098	0.8375441		0.0008586596	
88.66391	0.8375783		0.0008524749	
88.71802	0.8376126		0.0008467761	
88.77213	0.837647		0.0008415532	
88.82623	0.8376816		0.0008367955	
88.88034	0.8377164		0.0008324924	
88.93445	0.8377515		0.0008286324	
88.98856	0.8377869		0.0008252044	
89.04266	0.8378226		0.0008221966	
89.09677	0.8378585		0.0008195969	
89.15088	0.8378949		0.0008173931	
89.20499	0.8379316		0.0008155727	
89.25909	0.8379688		0.0008141227	
89.31321	0.8380064		0.0008130321	
89.36732	0.8380445		0.0008122872	
89.42142	0.8380829		0.0008118756	
89.47553	0.8381217		0.0008117851	
89.52964	0.8381608		0.0008120029	
89.58375	0.8382002		0.0008125166	
89.63786	0.8382401		0.0008133136	
89.69196	0.8382804		0.0008143813	
89.74607	0.8383212		0.0008157078	
89.80018	0.8383625		0.0008172811	
89.85429	0.8384041		0.00081909	
89.90839	0.8384462		0.0008211234	
89.9625	0.8384888		0.0008233707	
90.01661	0.8385317		0.000825821	
90.07072	0.8385752		0.0008284655	
90.12483	0.8386189		0.0008312925	
90.17894	0.8386629		0.0008342927	
90.23305	0.8387069		0.0008374559	
90.28716	0.8387508		0.0008407724	
90.34126	0.8387946		0.0008442317	
90.39537	0.838838		0.0008478237	
90.44948	0.8388811		0.000851538	
90.50359	0.8389238		0.000855364	
90.55769	0.838966		0.0008592914	
90.6118	0.8390079		0.0008633097	
90.66591	0.8390494		0.0008674088	
90.72002	0.8390909		0.0008715789	
90.77412	0.8391324		0.0008758103	
90.82824	0.839174		0.0008800946	
90.88235	0.8392158		0.0008844216	
90.93645	0.8392578		0.0008887838	
90.99056	0.8393003		0.0008931736	
91.04467	0.8393433		0.0008975838	
91.09878	0.839387		0.0009020083	
91.15289	0.8394316		0.0009064412	
91.20699	0.8394772		0.0009108771	
91.2611	0.839524		0.0009153114	
91.31521	0.8395721		0.0009197397	
91.36932	0.8396214		0.0009237237	
91.42342	0.8396722		0.0009276025	
91.47753	0.8397244		0.0009313977	
91.53164	0.8397781		0.0009351313	
91.58575	0.839833		0.0009388229	
91.63986	0.8398893		0.0009424866	
91.69397	0.8399466		0.0009461342	
91.74808	0.840005		0.0009497739	
91.80219	0.8400642		0.0009534113	
91.85629	0.8401243		0.0009570498	
91.9104	0.8401849		0.0009606916	
91.96451	0.8402461		0.0009643378	
92.01862	0.8403076		0.0009679889	
92.07272	0.8403693		0.0009716446	
92.12683	0.8404311		0.0009753045	
92.18094	0.8404928		0.000978968	
92.23505	0.8405543		0.0009826341	
92.28915	0.8406155		0.0009863023	
92.34327	0.8406762		0.000989972	
92.39738	0.8407367		0.0009936413	
92.45148	0.8407969		0.0009973098	
92.50559	0.840857		0.001000977	
92.5597	0.8409168		0.001004641	
92.61381	0.8409767		0.001008302	
92.66792	0.8410365		0.001011958	
92.72202	0.8410963		0.001015609	
92.77613	0.8411564		0.001019255	
92.83024	0.8412165		0.001022893	
92.88435	0.8412767		0.001026524	
92.93845	0.8413371		0.001030147	
92.99256	0.8413979		0.001033761	
93.04667	0.8414591		0.001037366	
93.10078	0.8415208		0.00104096	
93.15489	0.841583		0.001044543	
93.209	0.8416455		0.001048115	
93.26311	0.8417085		0.001051674	
93.31721	0.8417718		0.001055221	
93.37132	0.8418354		0.001058755	
93.42543	0.8418992		0.001062275	
93.47954	0.8419634		0.00106578	
93.53365	0.8420276		0.001069271	
93.58775	0.842092		0.001072747	
93.64186	0.8421566		0.001076206	
93.69597	0.8422211		0.00107965	
93.75008	0.8422858		0.001083078	
93.80418	0.8423505		0.001086488	
93.8583	0.8424152		0.001089882	
93.91241	0.8424798		0.001093257	
93.96651	0.8425444		0.001096615	
94.02062	0.8426089		0.001099955	
94.07473	0.8426733		0.001103277	
94.12884	0.8427377		0.00110658	
94.18295	0.8428019		0.001109864	
94.23705	0.842866		0.00111313	
94.29116	0.84293		0.001116376	
94.34527	0.8429939		0.001119604	
94.39938	0.8430576		0.001122812	
94.45348	0.8431212		0.001126001	
94.50759	0.8431846		0.001129171	
94.5617	0.843248		0.001132322	
94.61581	0.8433113		0.001135454	
94.66992	0.8433743		0.001138566	
94.72403	0.8434373		0.00114166	
94.77814	0.8435001		0.001144735	
94.83224	0.8435629		0.001147792	
94.88635	0.8436255		0.00115083	
94.94046	0.8436881		0.00115385	
94.99457	0.8437505		0.001156852	
